File/Folder Name;Path;Type;URL;Size (bytes);Created Time
RPS;AKREDITASI 2026 Batch 3/LKPS/Tabel 3.a.1) Kurikulum dan Rencana Pembelajaran/RPS;Directory;https://drive.google.com/drive/folders/1hCJR2aUOhRx8VVMEog5iEDx6xZvig3yt;;2026-06-13T08:47:45.225Z
RPS;AKREDITASI 2026 Batch 3/LKPS/Tabel 3.a.1) Kurikulum dan Rencana Pembelajaran/RPS/RPS;Directory;https://drive.google.com/drive/folders/1ydpJwZlxOGmy-urj3hbM4lfFpXjVZemq;;2026-06-23T04:57:08.540Z
RPS_Elektronika Daya.docx;AKREDITASI 2026 Batch 3/LKPS/Tabel 3.a.1) Kurikulum dan Rencana Pembelajaran/RPS/RPS/RPS_Elektronika Daya.docx;File;https://docs.google.com/document/d/1-EJFxzKr0YIINZz819Dwui6w90bQkAz2/edit?usp=drivesdk&ouid=101619384140483629602&rtpof=true&sd=true;1646137;2026-06-23T04:57:55.158Z
RPS_Tugas Akhir.docx;AKREDITASI 2026 Batch 3/LKPS/Tabel 3.a.1) Kurikulum dan Rencana Pembelajaran/RPS/RPS/RPS_Tugas Akhir.docx;File;https://docs.google.com/document/d/1oSBU0tx-4UOa4VUHVVno16gNVFcz7Hrw/edit?usp=drivesdk&ouid=101619384140483629602&rtpof=true&sd=true;1645487;2026-06-23T05:00:42.315Z
RPS_Kuliah Kerja Nyata (KKN).docx;AKREDITASI 2026 Batch 3/LKPS/Tabel 3.a.1) Kurikulum dan Rencana Pembelajaran/RPS/RPS/RPS_Kuliah Kerja Nyata (KKN).docx;File;https://docs.google.com/document/d/1vqe31ipwAndcGoCLywiAYitl1OQP6aCP/edit?usp=drivesdk&ouid=101619384140483629602&rtpof=true&sd=true;1648122;2026-06-23T04:58:59.076Z
RPS_Teknik Perawatan dan Perbaikan Perangkat Industri.docx;AKREDITASI 2026 Batch 3/LKPS/Tabel 3.a.1) Kurikulum dan Rencana Pembelajaran/RPS/RPS/RPS_Teknik Perawatan dan Perbaikan Perangkat Industri.docx;File;https://docs.google.com/document/d/14AFRnF6bqDfnUk-XpT6mdovwOiZNhdWy/edit?usp=drivesdk&ouid=101619384140483629602&rtpof=true&sd=true;1646702;2026-06-23T05:00:32.900Z
RPS_Rekayasa Teknik Elektro.docx;AKREDITASI 2026 Batch 3/LKPS/Tabel 3.a.1) Kurikulum dan Rencana Pembelajaran/RPS/RPS/RPS_Rekayasa Teknik Elektro.docx;File;https://docs.google.com/document/d/1GsTRuq5lNuzCdoUCcXGJbe5VXkfwVCO_/edit?usp=drivesdk&ouid=101619384140483629602&rtpof=true&sd=true;1646515;2026-06-23T05:00:23.047Z
RPS_Praktek Kerja Lapangan (PKL).docx;AKREDITASI 2026 Batch 3/LKPS/Tabel 3.a.1) Kurikulum dan Rencana Pembelajaran/RPS/RPS/RPS_Praktek Kerja Lapangan (PKL).docx;File;https://docs.google.com/document/d/1JLYRQdxZAd2n-imkMLpEHKXq_XICf3PL/edit?usp=drivesdk&ouid=101619384140483629602&rtpof=true&sd=true;1647252;2026-06-23T05:00:11.240Z
RPS_Pengolahan Citra.docx;AKREDITASI 2026 Batch 3/LKPS/Tabel 3.a.1) Kurikulum dan Rencana Pembelajaran/RPS/RPS/RPS_Pengolahan Citra.docx;File;https://docs.google.com/document/d/1Dv61dgW7OYoWVHkJHt_ZtmhcQMRB7GNh/edit?usp=drivesdk&ouid=101619384140483629602&rtpof=true&sd=true;1646955;2026-06-23T04:59:54.378Z
RPS_Manajemen Industri.docx;AKREDITASI 2026 Batch 3/LKPS/Tabel 3.a.1) Kurikulum dan Rencana Pembelajaran/RPS/RPS/RPS_Manajemen Industri.docx;File;https://docs.google.com/document/d/1BggoOVCy__HR7zQ4LDqNVwPvHl6uoh1l/edit?usp=drivesdk&ouid=101619384140483629602&rtpof=true&sd=true;1646862;2026-06-23T04:59:09.302Z
RPS_Manajemen Energi dan sistem Hybrid.docx;AKREDITASI 2026 Batch 3/LKPS/Tabel 3.a.1) Kurikulum dan Rencana Pembelajaran/RPS/RPS/RPS_Manajemen Energi dan sistem Hybrid.docx;File;https://docs.google.com/document/d/1gDdzIrJQ6X4pmkFSo7gwrMsLjp2cgyrl/edit?usp=drivesdk&ouid=101619384140483629602&rtpof=true&sd=true;1647194;2026-06-23T04:59:06.131Z
RPS_Konversi Energi.docx;AKREDITASI 2026 Batch 3/LKPS/Tabel 3.a.1) Kurikulum dan Rencana Pembelajaran/RPS/RPS/RPS_Konversi Energi.docx;File;https://docs.google.com/document/d/1RuHETIdCf5j0MXiYj4P9SD2nHXYRVrqC/edit?usp=drivesdk&ouid=101619384140483629602&rtpof=true&sd=true;1647071;2026-06-23T04:58:52.929Z
RPS_Energi Terbarukan.docx;AKREDITASI 2026 Batch 3/LKPS/Tabel 3.a.1) Kurikulum dan Rencana Pembelajaran/RPS/RPS/RPS_Energi Terbarukan.docx;File;https://docs.google.com/document/d/1hcEX-pQxSKmLV-yQaPObGFGIbBOO_rCR/edit?usp=drivesdk&ouid=101619384140483629602&rtpof=true&sd=true;1647206;2026-06-23T04:58:05.268Z
RPS_Antarmuka dan Arsitektur Komputer.docx;AKREDITASI 2026 Batch 3/LKPS/Tabel 3.a.1) Kurikulum dan Rencana Pembelajaran/RPS/RPS/RPS_Antarmuka dan Arsitektur Komputer.docx;File;https://docs.google.com/document/d/1vOkdt57wTdloAGw0rQjpzsKSB4Avf_dp/edit?usp=drivesdk&ouid=101619384140483629602&rtpof=true&sd=true;1647178;2026-06-23T04:57:28.627Z
RPS_PLC.docx;AKREDITASI 2026 Batch 3/LKPS/Tabel 3.a.1) Kurikulum dan Rencana Pembelajaran/RPS/RPS/RPS_PLC.docx;File;https://docs.google.com/document/d/1tJYao2EFwz-0NN04pwZE_vi-Ei6EbK3n/edit?usp=drivesdk&ouid=101619384140483629602&rtpof=true&sd=true;1646664;2026-06-23T05:00:07.953Z
RPS_Pendidikan Pancasila.docx;AKREDITASI 2026 Batch 3/LKPS/Tabel 3.a.1) Kurikulum dan Rencana Pembelajaran/RPS/RPS/RPS_Pendidikan Pancasila.docx;File;https://docs.google.com/document/d/1C0juzBFCFFakgCrecKKZ3aVieCPg0jEx/edit?usp=drivesdk&ouid=101619384140483629602&rtpof=true&sd=true;1647709;2026-06-23T04:59:51.255Z
RPS_Manajemen Proyek dan K3.docx;AKREDITASI 2026 Batch 3/LKPS/Tabel 3.a.1) Kurikulum dan Rencana Pembelajaran/RPS/RPS/RPS_Manajemen Proyek dan K3.docx;File;https://docs.google.com/document/d/1stzuWNoom55asL36bIXWVZYvaIB_k9yj/edit?usp=drivesdk&ouid=101619384140483629602&rtpof=true&sd=true;1647132;2026-06-23T04:59:12.785Z
RPS_Kewirausahaan berbasis Teknologi.docx;AKREDITASI 2026 Batch 3/LKPS/Tabel 3.a.1) Kurikulum dan Rencana Pembelajaran/RPS/RPS/RPS_Kewirausahaan berbasis Teknologi.docx;File;https://docs.google.com/document/d/1bSAv__BkXw-QbTv4eMsY22l31q0r2Eao/edit?usp=drivesdk&ouid=101619384140483629602&rtpof=true&sd=true;1647168;2026-06-23T04:58:42.477Z
RPS_Kecerdasan Buatan.docx;AKREDITASI 2026 Batch 3/LKPS/Tabel 3.a.1) Kurikulum dan Rencana Pembelajaran/RPS/RPS/RPS_Kecerdasan Buatan.docx;File;https://docs.google.com/document/d/14kpIVXT2COFULAif8nE6OIKh4G5KIvfY/edit?usp=drivesdk&ouid=101619384140483629602&rtpof=true&sd=true;1647182;2026-06-23T04:58:39.035Z
RPS_Etika Profesi.docx;AKREDITASI 2026 Batch 3/LKPS/Tabel 3.a.1) Kurikulum dan Rencana Pembelajaran/RPS/RPS/RPS_Etika Profesi.docx;File;https://docs.google.com/document/d/1xEDD2MqQair8HXMwAOtk5Vj_NmKAKMk9/edit?usp=drivesdk&ouid=101619384140483629602&rtpof=true&sd=true;1647400;2026-06-23T04:58:08.687Z
RPS_Embeded System.docx;AKREDITASI 2026 Batch 3/LKPS/Tabel 3.a.1) Kurikulum dan Rencana Pembelajaran/RPS/RPS/RPS_Embeded System.docx;File;https://docs.google.com/document/d/1lE-PPtTcG9rab4C2_Z4XHufz-PgORX-M/edit?usp=drivesdk&ouid=101619384140483629602&rtpof=true&sd=true;1646814;2026-06-23T04:58:01.727Z
RPS_Bahasa Inggris.docx;AKREDITASI 2026 Batch 3/LKPS/Tabel 3.a.1) Kurikulum dan Rencana Pembelajaran/RPS/RPS/RPS_Bahasa Inggris.docx;File;https://docs.google.com/document/d/1pnokdBqhLpyh-x178i2ZVmjeG25vEwyo/edit?usp=drivesdk&ouid=101619384140483629602&rtpof=true&sd=true;1647019;2026-06-23T04:57:36.940Z
RPS_Sensor dan Tranduser.docx;AKREDITASI 2026 Batch 3/LKPS/Tabel 3.a.1) Kurikulum dan Rencana Pembelajaran/RPS/RPS/RPS_Sensor dan Tranduser.docx;File;https://docs.google.com/document/d/1vCLkBlVwUGbXpsZLA-MU83eACe1pOh5Q/edit?usp=drivesdk&ouid=101619384140483629602&rtpof=true&sd=true;1647141;2026-06-23T05:00:26.420Z
RPS_Pengolahan Isyarat Digital.docx;AKREDITASI 2026 Batch 3/LKPS/Tabel 3.a.1) Kurikulum dan Rencana Pembelajaran/RPS/RPS/RPS_Pengolahan Isyarat Digital.docx;File;https://docs.google.com/document/d/17kzXCWED7FxCAgaq9krG0pNJEELiKW1Q/edit?usp=drivesdk&ouid=101619384140483629602&rtpof=true&sd=true;1647392;2026-06-23T04:59:57.790Z
RPS_Logika Fuzzy.docx;AKREDITASI 2026 Batch 3/LKPS/Tabel 3.a.1) Kurikulum dan Rencana Pembelajaran/RPS/RPS/RPS_Logika Fuzzy.docx;File;https://docs.google.com/document/d/16sDkjace5vfotkPmikzG7Dcde956v9MJ/edit?usp=drivesdk&ouid=101619384140483629602&rtpof=true&sd=true;1647304;2026-06-23T04:59:02.821Z
RPS_Kuliah Kerja Lapangan (KKL).docx;AKREDITASI 2026 Batch 3/LKPS/Tabel 3.a.1) Kurikulum dan Rencana Pembelajaran/RPS/RPS/RPS_Kuliah Kerja Lapangan (KKL).docx;File;https://docs.google.com/document/d/1sYljSgV6ifaPlqdoUNpGgnSHpq9SVTNU/edit?usp=drivesdk&ouid=101619384140483629602&rtpof=true&sd=true;1646745;2026-06-23T04:58:55.993Z
RPS_Komunikasi Nirkabel.docx;AKREDITASI 2026 Batch 3/LKPS/Tabel 3.a.1) Kurikulum dan Rencana Pembelajaran/RPS/RPS/RPS_Komunikasi Nirkabel.docx;File;https://docs.google.com/document/d/1GnWCLqaYTUgV-yy-JugAWdEsmnxfhYaz/edit?usp=drivesdk&ouid=101619384140483629602&rtpof=true&sd=true;1647177;2026-06-23T04:58:49.332Z
RPS_Ke-PGRI-an.docx;AKREDITASI 2026 Batch 3/LKPS/Tabel 3.a.1) Kurikulum dan Rencana Pembelajaran/RPS/RPS/RPS_Ke-PGRI-an.docx;File;https://docs.google.com/document/d/17_8kGMNIF8brjS0DnUNIeXFZ8b7aBNh8/edit?usp=drivesdk&ouid=101619384140483629602&rtpof=true&sd=true;1647398;2026-06-23T04:58:35.376Z
RPS_Dasar Sistem Kendali.docx;AKREDITASI 2026 Batch 3/LKPS/Tabel 3.a.1) Kurikulum dan Rencana Pembelajaran/RPS/RPS/RPS_Dasar Sistem Kendali.docx;File;https://docs.google.com/document/d/1QeRqDffs58PinNijBaC0G7w2Gw9qnbVv/edit?usp=drivesdk&ouid=101619384140483629602&rtpof=true&sd=true;1646968;2026-06-23T04:57:41.111Z
RPS_Analisa Tenaga Listrik.docx;AKREDITASI 2026 Batch 3/LKPS/Tabel 3.a.1) Kurikulum dan Rencana Pembelajaran/RPS/RPS/RPS_Analisa Tenaga Listrik.docx;File;https://docs.google.com/document/d/1XWyTE0-m3dOZlHNwwR5343EyiS-lMUI6/edit?usp=drivesdk&ouid=101619384140483629602&rtpof=true&sd=true;1646995;2026-06-23T04:57:21.250Z
RPS_Variabel Kompleks.docx;AKREDITASI 2026 Batch 3/LKPS/Tabel 3.a.1) Kurikulum dan Rencana Pembelajaran/RPS/RPS/RPS_Variabel Kompleks.docx;File;https://docs.google.com/document/d/1A-ew0l1xNYz3C_XhuBN5k8CpQX_VbLWT/edit?usp=drivesdk&ouid=101619384140483629602&rtpof=true&sd=true;1646669;2026-06-23T05:00:45.966Z
RPS_Transmisi dan Distribusi .docx;AKREDITASI 2026 Batch 3/LKPS/Tabel 3.a.1) Kurikulum dan Rencana Pembelajaran/RPS/RPS/RPS_Transmisi dan Distribusi .docx;File;https://docs.google.com/document/d/1f_nCg6L8RHFwKcn0Jo86L9ednc-JD8_R/edit?usp=drivesdk&ouid=101619384140483629602&rtpof=true&sd=true;1646994;2026-06-23T05:00:39.571Z
RPS_Sistem Instrumentasi.docx;AKREDITASI 2026 Batch 3/LKPS/Tabel 3.a.1) Kurikulum dan Rencana Pembelajaran/RPS/RPS/RPS_Sistem Instrumentasi.docx;File;https://docs.google.com/document/d/1p2unAmdVie-1q4DLq9g9DEtDXjU0_BeX/edit?usp=drivesdk&ouid=101619384140483629602&rtpof=true&sd=true;1647170;2026-06-23T05:00:29.571Z
RPS_Matematika Diskrit.docx;AKREDITASI 2026 Batch 3/LKPS/Tabel 3.a.1) Kurikulum dan Rencana Pembelajaran/RPS/RPS/RPS_Matematika Diskrit.docx;File;https://docs.google.com/document/d/15gYZYZ_wTA3r8nAnotLHI5189Vn2dcWZ/edit?usp=drivesdk&ouid=101619384140483629602&rtpof=true&sd=true;1646753;2026-06-23T04:59:15.932Z
RPS_Komunikasi Data.docx;AKREDITASI 2026 Batch 3/LKPS/Tabel 3.a.1) Kurikulum dan Rencana Pembelajaran/RPS/RPS/RPS_Komunikasi Data.docx;File;https://docs.google.com/document/d/1a4nVLwGVlGTrEdFdO3RHtQfys70A9KwI/edit?usp=drivesdk&ouid=101619384140483629602&rtpof=true&sd=true;1646520;2026-06-23T04:58:45.809Z
RPS_Isyarat dan Sistem.docx;AKREDITASI 2026 Batch 3/LKPS/Tabel 3.a.1) Kurikulum dan Rencana Pembelajaran/RPS/RPS/RPS_Isyarat dan Sistem.docx;File;https://docs.google.com/document/d/1149Sv0eJ1aA6RGkJCO4VMbN6DnGTQz0R/edit?usp=drivesdk&ouid=101619384140483629602&rtpof=true&sd=true;1647173;2026-06-23T04:58:23.817Z
RPS_Probabilitas Statistik.docx;AKREDITASI 2026 Batch 3/LKPS/Tabel 3.a.1) Kurikulum dan Rencana Pembelajaran/RPS/RPS/RPS_Probabilitas Statistik.docx;File;https://docs.google.com/document/d/1A0sQqoPgH5baeFKpYxVvNRIbOiW4ctZv/edit?usp=drivesdk&ouid=101619384140483629602&rtpof=true&sd=true;1647339;2026-06-23T05:00:15.284Z
RPS_Perancangan Sistem Analog.docx;AKREDITASI 2026 Batch 3/LKPS/Tabel 3.a.1) Kurikulum dan Rencana Pembelajaran/RPS/RPS/RPS_Perancangan Sistem Analog.docx;File;https://docs.google.com/document/d/1b70S7sI-TGIrqXg0Y59FTIHs-NW4vQmD/edit?usp=drivesdk&ouid=101619384140483629602&rtpof=true&sd=true;1646483;2026-06-23T05:00:01.375Z
RPS_Pemrograman Komputer.docx;AKREDITASI 2026 Batch 3/LKPS/Tabel 3.a.1) Kurikulum dan Rencana Pembelajaran/RPS/RPS/RPS_Pemrograman Komputer.docx;File;https://docs.google.com/document/d/1fmqd_vJb25AVUAHTM-KCS4X3Pejd9wk8/edit?usp=drivesdk&ouid=101619384140483629602&rtpof=true&sd=true;1647183;2026-06-23T04:59:22.622Z
RPS_Fisika Modern.docx;AKREDITASI 2026 Batch 3/LKPS/Tabel 3.a.1) Kurikulum dan Rencana Pembelajaran/RPS/RPS/RPS_Fisika Modern.docx;File;https://docs.google.com/document/d/1V0gd27VwTbJT5TVXHXk03xoEXbxQ0wAr/edit?usp=drivesdk&ouid=101619384140483629602&rtpof=true&sd=true;1647084;2026-06-23T04:58:19.801Z
RPS_Elektronika Digital.docx;AKREDITASI 2026 Batch 3/LKPS/Tabel 3.a.1) Kurikulum dan Rencana Pembelajaran/RPS/RPS/RPS_Elektronika Digital.docx;File;https://docs.google.com/document/d/1dMQLvVReNc5Ui-txtzdVdO4HK4F1RYmW/edit?usp=drivesdk&ouid=101619384140483629602&rtpof=true&sd=true;1646705;2026-06-23T04:57:58.457Z
RPS_Analisa Vektor.docx;AKREDITASI 2026 Batch 3/LKPS/Tabel 3.a.1) Kurikulum dan Rencana Pembelajaran/RPS/RPS/RPS_Analisa Vektor.docx;File;https://docs.google.com/document/d/1WBWOg9z9bunDsE6R_4krjEMkn4BN4JF_/edit?usp=drivesdk&ouid=101619384140483629602&rtpof=true&sd=true;1646699;2026-06-23T04:57:25.083Z
RPS_Analisa Numerik.docx;AKREDITASI 2026 Batch 3/LKPS/Tabel 3.a.1) Kurikulum dan Rencana Pembelajaran/RPS/RPS/RPS_Analisa Numerik.docx;File;https://docs.google.com/document/d/1gKiURMdYIT_twfu7SPL8OMFVP9XlBBzg/edit?usp=drivesdk&ouid=101619384140483629602&rtpof=true&sd=true;1646312;2026-06-23T04:57:17.053Z
RPS_Persamaan Diferensial.docx;AKREDITASI 2026 Batch 3/LKPS/Tabel 3.a.1) Kurikulum dan Rencana Pembelajaran/RPS/RPS/RPS_Persamaan Diferensial.docx;File;https://docs.google.com/document/d/1oKL-uXwswxSpCTOOhyH8iKcwuSI9XOCO/edit?usp=drivesdk&ouid=101619384140483629602&rtpof=true&sd=true;1646678;2026-06-23T05:00:04.643Z
RPS_Jaringan Komputer.docx;AKREDITASI 2026 Batch 3/LKPS/Tabel 3.a.1) Kurikulum dan Rencana Pembelajaran/RPS/RPS/RPS_Jaringan Komputer.docx;File;https://docs.google.com/document/d/1oR-VQkXs1EtY8AzBmJk8j9PZ7Kh_8xuj/edit?usp=drivesdk&ouid=101619384140483629602&rtpof=true&sd=true;1646875;2026-06-23T04:58:27.906Z
RPS_Fisika Listrik.docx;AKREDITASI 2026 Batch 3/LKPS/Tabel 3.a.1) Kurikulum dan Rencana Pembelajaran/RPS/RPS/RPS_Fisika Listrik.docx;File;https://docs.google.com/document/d/13PzyUWIB0soSQF1EwN4YLuiAOLS5y_yu/edit?usp=drivesdk&ouid=101619384140483629602&rtpof=true&sd=true;1646808;2026-06-23T04:58:12.174Z
RPS_Elektronika Analog.docx;AKREDITASI 2026 Batch 3/LKPS/Tabel 3.a.1) Kurikulum dan Rencana Pembelajaran/RPS/RPS/RPS_Elektronika Analog.docx;File;https://docs.google.com/document/d/17Ki0m_tfEhuVuztC5WJWeAsqZ7fox4pW/edit?usp=drivesdk&ouid=101619384140483629602&rtpof=true&sd=true;1646430;2026-06-23T04:57:52.075Z
RPS_Dasar Teknik Tenaga Listrik.docx;AKREDITASI 2026 Batch 3/LKPS/Tabel 3.a.1) Kurikulum dan Rencana Pembelajaran/RPS/RPS/RPS_Dasar Teknik Tenaga Listrik.docx;File;https://docs.google.com/document/d/1xmga3f5ctIyzvqWNcpHijb4HyOjEcRfG/edit?usp=drivesdk&ouid=101619384140483629602&rtpof=true&sd=true;1647489;2026-06-23T04:57:44.835Z
RPS_Bahasa Indonesia.docx;AKREDITASI 2026 Batch 3/LKPS/Tabel 3.a.1) Kurikulum dan Rencana Pembelajaran/RPS/RPS/RPS_Bahasa Indonesia.docx;File;https://docs.google.com/document/d/14ucuYZU3CFjsjC4l85cTTh2bHxxMp79N/edit?usp=drivesdk&ouid=101619384140483629602&rtpof=true&sd=true;1646987;2026-06-23T04:57:32.807Z
RPS_Aljabar Linear.docx;AKREDITASI 2026 Batch 3/LKPS/Tabel 3.a.1) Kurikulum dan Rencana Pembelajaran/RPS/RPS/RPS_Aljabar Linear.docx;File;https://docs.google.com/document/d/14KK7_qgy34WcCiHGopBNWYTjd9D4m5Qq/edit?usp=drivesdk&ouid=101619384140483629602&rtpof=true&sd=true;1646468;2026-06-23T04:57:12.377Z
RPS_Teknologi Informasi.docx;AKREDITASI 2026 Batch 3/LKPS/Tabel 3.a.1) Kurikulum dan Rencana Pembelajaran/RPS/RPS/RPS_Teknologi Informasi.docx;File;https://docs.google.com/document/d/1rF9V14RlPF9F1DwtZbaOWqigU6zQYpur/edit?usp=drivesdk&ouid=101619384140483629602&rtpof=true&sd=true;1647018;2026-06-23T05:00:36.193Z
RPS_Rangkaian Listrik Dasar.docx;AKREDITASI 2026 Batch 3/LKPS/Tabel 3.a.1) Kurikulum dan Rencana Pembelajaran/RPS/RPS/RPS_Rangkaian Listrik Dasar.docx;File;https://docs.google.com/document/d/1zhAWTwfO5Slug8CLAbcUvEhKdQxQ8W54/edit?usp=drivesdk&ouid=101619384140483629602&rtpof=true&sd=true;1647468;2026-06-23T05:00:18.995Z
RPS_Pendidikan Kewarganegaraan.docx;AKREDITASI 2026 Batch 3/LKPS/Tabel 3.a.1) Kurikulum dan Rencana Pembelajaran/RPS/RPS/RPS_Pendidikan Kewarganegaraan.docx;File;https://docs.google.com/document/d/1D6TTA5BFGSzaGzdIbTNVoDlqyFT8Xh5f/edit?usp=drivesdk&ouid=101619384140483629602&rtpof=true&sd=true;1647449;2026-06-23T04:59:48.139Z
RPS_Pendidikan Agama Kristen.docx;AKREDITASI 2026 Batch 3/LKPS/Tabel 3.a.1) Kurikulum dan Rencana Pembelajaran/RPS/RPS/RPS_Pendidikan Agama Kristen.docx;File;https://docs.google.com/document/d/1jLcmpm9QwXl2difPLVv4xAX70XK97Dqa/edit?usp=drivesdk&ouid=101619384140483629602&rtpof=true&sd=true;1647045;2026-06-23T04:59:44.234Z
RPS_Pendidikan Agama Konghucu.docx;AKREDITASI 2026 Batch 3/LKPS/Tabel 3.a.1) Kurikulum dan Rencana Pembelajaran/RPS/RPS/RPS_Pendidikan Agama Konghucu.docx;File;https://docs.google.com/document/d/1THdxOBiYQ-P4O9VSSd2UonL46JlaxMgB/edit?usp=drivesdk&ouid=101619384140483629602&rtpof=true&sd=true;1648213;2026-06-23T04:59:40.687Z
RPS_Pendidikan Agama Katolik.docx;AKREDITASI 2026 Batch 3/LKPS/Tabel 3.a.1) Kurikulum dan Rencana Pembelajaran/RPS/RPS/RPS_Pendidikan Agama Katolik.docx;File;https://docs.google.com/document/d/1VEbnXzduXphGnMbsqbEF6BtfOi1o3iS5/edit?usp=drivesdk&ouid=101619384140483629602&rtpof=true&sd=true;1647583;2026-06-23T04:59:37.372Z
RPS_Pendidikan Agama Islam.docx;AKREDITASI 2026 Batch 3/LKPS/Tabel 3.a.1) Kurikulum dan Rencana Pembelajaran/RPS/RPS/RPS_Pendidikan Agama Islam.docx;File;https://docs.google.com/document/d/1U0mXBvmfGusMtjtty_At5XlstFr0jvJE/edit?usp=drivesdk&ouid=101619384140483629602&rtpof=true&sd=true;1647262;2026-06-23T04:59:34.255Z
RPS_Pendidikan Agama Hindu.docx;AKREDITASI 2026 Batch 3/LKPS/Tabel 3.a.1) Kurikulum dan Rencana Pembelajaran/RPS/RPS/RPS_Pendidikan Agama Hindu.docx;File;https://docs.google.com/document/d/1Qbfzay-Zl6IKdBrdEABGqXVp8_UmvQnO/edit?usp=drivesdk&ouid=101619384140483629602&rtpof=true&sd=true;1648403;2026-06-23T04:59:30.917Z
RPS_Pendidikan Agama Buddha.docx;AKREDITASI 2026 Batch 3/LKPS/Tabel 3.a.1) Kurikulum dan Rencana Pembelajaran/RPS/RPS/RPS_Pendidikan Agama Buddha.docx;File;https://docs.google.com/document/d/16-7dIxH34Icld7LI4SiXZ0nfUzzhgCqb/edit?usp=drivesdk&ouid=101619384140483629602&rtpof=true&sd=true;1648367;2026-06-23T04:59:26.874Z
RPS_Material Teknik Elektro.docx;AKREDITASI 2026 Batch 3/LKPS/Tabel 3.a.1) Kurikulum dan Rencana Pembelajaran/RPS/RPS/RPS_Material Teknik Elektro.docx;File;https://docs.google.com/document/d/1NUeYXWtKwjYYxIUA5Jy9OpehocHa2K2A/edit?usp=drivesdk&ouid=101619384140483629602&rtpof=true&sd=true;1646610;2026-06-23T04:59:19.257Z
RPS_Kalkulus.docx;AKREDITASI 2026 Batch 3/LKPS/Tabel 3.a.1) Kurikulum dan Rencana Pembelajaran/RPS/RPS/RPS_Kalkulus.docx;File;https://docs.google.com/document/d/18z2AVjIUzakU579kCYe3e6DKyrVvz1gw/edit?usp=drivesdk&ouid=101619384140483629602&rtpof=true&sd=true;1646940;2026-06-23T04:58:31.932Z
RPS_Fisika Mekanika.docx;AKREDITASI 2026 Batch 3/LKPS/Tabel 3.a.1) Kurikulum dan Rencana Pembelajaran/RPS/RPS/RPS_Fisika Mekanika.docx;File;https://docs.google.com/document/d/1yXhvH1iUcCLF99b_T4yFYmXhp6gRaB8L/edit?usp=drivesdk&ouid=101619384140483629602&rtpof=true&sd=true;1646938;2026-06-23T04:58:15.375Z
RPS_Dasar Telekomunikasi.docx;AKREDITASI 2026 Batch 3/LKPS/Tabel 3.a.1) Kurikulum dan Rencana Pembelajaran/RPS/RPS/RPS_Dasar Telekomunikasi.docx;File;https://docs.google.com/document/d/1qd4UVKn2zhZv3GNquvltOtd90aXuGSjy/edit?usp=drivesdk&ouid=101619384140483629602&rtpof=true&sd=true;1647091;2026-06-23T04:57:48.522Z
RPS-OBE-EMBEDED SYSTEM.pdf;AKREDITASI 2026 Batch 3/LKPS/Tabel 3.a.1) Kurikulum dan Rencana Pembelajaran/RPS/RPS-OBE-EMBEDED SYSTEM.pdf;File;https://drive.google.com/file/d/1YjJ0QxpQ18J3tv5RtaIOMuUhM8k4LkHk/view?usp=drivesdk;228892;2026-06-13T08:50:51.384Z
RPS-OBE-KWU BERBASIS TEKNOLOGI.pdf;AKREDITASI 2026 Batch 3/LKPS/Tabel 3.a.1) Kurikulum dan Rencana Pembelajaran/RPS/RPS-OBE-KWU BERBASIS TEKNOLOGI.pdf;File;https://drive.google.com/file/d/1hPVQGFIJ_p8G-O1wsYGrN5SEwqrrLxJv/view?usp=drivesdk;242281;2026-06-13T08:50:54.516Z
RPS-OBE-KALKULUS.docx;AKREDITASI 2026 Batch 3/LKPS/Tabel 3.a.1) Kurikulum dan Rencana Pembelajaran/RPS/RPS-OBE-KALKULUS.docx;File;https://docs.google.com/document/d/1Fe63OIKKq_SWedDnD8wVHVXCcPx03RhS/edit?usp=drivesdk&ouid=101619384140483629602&rtpof=true&sd=true;93311;2026-06-13T08:50:53.233Z
RPS_Transmisi dan Distribusi .pdf;AKREDITASI 2026 Batch 3/LKPS/Tabel 3.a.1) Kurikulum dan Rencana Pembelajaran/RPS/RPS_Transmisi dan Distribusi .pdf;File;https://drive.google.com/file/d/1WY7oEJnSAAR2ZURCRSj3Pot7iIITHm41/view?usp=drivesdk;333387;2026-06-13T08:50:58.338Z
RPS-OBE-PROBABILITAS STATISTIK.docx;AKREDITASI 2026 Batch 3/LKPS/Tabel 3.a.1) Kurikulum dan Rencana Pembelajaran/RPS/RPS-OBE-PROBABILITAS STATISTIK.docx;File;https://docs.google.com/document/d/1SLW_pspW1ubh4hW85eGWB4YtUaeomvcy/edit?usp=drivesdk&ouid=101619384140483629602&rtpof=true&sd=true;96066;2026-06-13T08:50:54.888Z
RPS-OBE-MATEMATIKA DISKRIT.pdf;AKREDITASI 2026 Batch 3/LKPS/Tabel 3.a.1) Kurikulum dan Rencana Pembelajaran/RPS/RPS-OBE-MATEMATIKA DISKRIT.pdf;File;https://drive.google.com/file/d/1Cn2A01b5HM6rW37H-ClUpX_YJhQUSViy/view?usp=drivesdk;230469;2026-06-13T08:50:56.933Z
RPS Materail Bahan Listrik.docx;AKREDITASI 2026 Batch 3/LKPS/Tabel 3.a.1) Kurikulum dan Rencana Pembelajaran/RPS/RPS Materail Bahan Listrik.docx;File;https://docs.google.com/document/d/1PUX49vBkw-pKvYXf4VWp8oaAuAmLFmAr/edit?usp=drivesdk&ouid=101619384140483629602&rtpof=true&sd=true;155948;2026-06-13T08:50:50.242Z
RPS-OBE-MANAJEMEN PROYEK DAN K3.docx;AKREDITASI 2026 Batch 3/LKPS/Tabel 3.a.1) Kurikulum dan Rencana Pembelajaran/RPS/RPS-OBE-MANAJEMEN PROYEK DAN K3.docx;File;https://docs.google.com/document/d/1hcnbrprd9ovtUFJRdZLavFW1FwSjssRB/edit?usp=drivesdk&ouid=101619384140483629602&rtpof=true&sd=true;95973;2026-06-13T08:50:55.105Z
RPS OBE Dasar Telekomunikasi- Ref.pdf;AKREDITASI 2026 Batch 3/LKPS/Tabel 3.a.1) Kurikulum dan Rencana Pembelajaran/RPS/RPS OBE Dasar Telekomunikasi- Ref.pdf;File;https://drive.google.com/file/d/113phv1e3xBt7Pl6LkA6kTSPQc0rgFzFS/view?usp=drivesdk;305488;2026-06-13T08:50:51.666Z
Dasar Rangkaian Listrik  (RPS).docx;AKREDITASI 2026 Batch 3/LKPS/Tabel 3.a.1) Kurikulum dan Rencana Pembelajaran/RPS/Dasar Rangkaian Listrik  (RPS).docx;File;https://docs.google.com/document/d/16h0RULqH7NYTE7qGru0Uz1RbsWla4fm1/edit?usp=drivesdk&ouid=101619384140483629602&rtpof=true&sd=true;106351;2026-06-13T08:50:49.420Z
RPS Kurikulum 2025;AKREDITASI 2026 Batch 3/LKPS/Tabel 3.a.1) Kurikulum dan Rencana Pembelajaran/RPS/RPS Kurikulum 2025;Directory;https://drive.google.com/drive/folders/1qoGRL2y6tQ38ZcOwz34Wk88iM03rq9Ng;;2026-06-01T13:28:49.989Z
RPS-OBE-Antarmuka dan Arsitektur Komputer.docx;AKREDITASI 2026 Batch 3/LKPS/Tabel 3.a.1) Kurikulum dan Rencana Pembelajaran/RPS/RPS Kurikulum 2025/RPS-OBE-Antarmuka dan Arsitektur Komputer.docx;File;https://docs.google.com/document/d/1AZCeThMFCVUtLt97yYRry3WuIRV0KIiP/edit?usp=drivesdk&ouid=101619384140483629602&rtpof=true&sd=true;83075;2026-06-01T13:33:33.306Z
RPS-OBE-MATEMATIKA DISKRIT.pdf;AKREDITASI 2026 Batch 3/LKPS/Tabel 3.a.1) Kurikulum dan Rencana Pembelajaran/RPS/RPS Kurikulum 2025/RPS-OBE-MATEMATIKA DISKRIT.pdf;File;https://drive.google.com/file/d/1EWz0L2M1ublCRRrOjsZEd4K8D2yMo831/view?usp=drivesdk;230469;2026-06-01T13:33:04.209Z
RPS-OBE-KECERDASAN BUATAN.pdf;AKREDITASI 2026 Batch 3/LKPS/Tabel 3.a.1) Kurikulum dan Rencana Pembelajaran/RPS/RPS Kurikulum 2025/RPS-OBE-KECERDASAN BUATAN.pdf;File;https://drive.google.com/file/d/1JAp67X7ALrGdU-VIG3V_7pqEhaqZKjH9/view?usp=drivesdk;238479;2026-06-01T13:32:58.432Z
RPS-OBE-SENSOR DAN TRANDUSER.pdf;AKREDITASI 2026 Batch 3/LKPS/Tabel 3.a.1) Kurikulum dan Rencana Pembelajaran/RPS/RPS Kurikulum 2025/RPS-OBE-SENSOR DAN TRANDUSER.pdf;File;https://drive.google.com/file/d/1BRY0SiVt1wN8bHXQDgVb4FTHqE87sOwU/view?usp=drivesdk;236178;2026-06-01T13:33:04.075Z
RPS-OBE-ETIKA PROFESI.pdf;AKREDITASI 2026 Batch 3/LKPS/Tabel 3.a.1) Kurikulum dan Rencana Pembelajaran/RPS/RPS Kurikulum 2025/RPS-OBE-ETIKA PROFESI.pdf;File;https://drive.google.com/file/d/1RZWaM5pwbRo29ODFCLGtY2jdU3LnmjCa/view?usp=drivesdk;243238;2026-06-01T13:32:55.945Z
RPS-OBE-KWU BERBASIS TEKNOLOGI.pdf;AKREDITASI 2026 Batch 3/LKPS/Tabel 3.a.1) Kurikulum dan Rencana Pembelajaran/RPS/RPS Kurikulum 2025/RPS-OBE-KWU BERBASIS TEKNOLOGI.pdf;File;https://drive.google.com/file/d/1JdF_oWGZ2gG8l58vDMSwj_ub3GSAdW6z/view?usp=drivesdk;242281;2026-06-01T13:33:00.279Z
RPS Materail Bahan Listrik.docx;AKREDITASI 2026 Batch 3/LKPS/Tabel 3.a.1) Kurikulum dan Rencana Pembelajaran/RPS/RPS Kurikulum 2025/RPS Materail Bahan Listrik.docx;File;https://docs.google.com/document/d/1tdqeFPYRvvPHL7bPoOH1P6JwNNNKuskZ/edit?usp=drivesdk&ouid=101619384140483629602&rtpof=true&sd=true;109755;2026-06-01T13:32:51.001Z
RPS OBE Dasar Telekomunikasi- Ref.pdf;AKREDITASI 2026 Batch 3/LKPS/Tabel 3.a.1) Kurikulum dan Rencana Pembelajaran/RPS/RPS Kurikulum 2025/RPS OBE Dasar Telekomunikasi- Ref.pdf;File;https://drive.google.com/file/d/1fjkh6CpNmHSgEfQwFZfK-2u2b1IV4vVU/view?usp=drivesdk;305488;2026-06-01T13:32:55.443Z
Dasar Rangkaian Listrik  (RPS).docx;AKREDITASI 2026 Batch 3/LKPS/Tabel 3.a.1) Kurikulum dan Rencana Pembelajaran/RPS/RPS Kurikulum 2025/Dasar Rangkaian Listrik  (RPS).docx;File;https://docs.google.com/document/d/1DJbHjVi9TYykARZ3AorvJxy9K8bLIQHn/edit?usp=drivesdk&ouid=101619384140483629602&rtpof=true&sd=true;79500;2026-06-01T13:32:47.226Z
RPS MKWK;AKREDITASI 2026 Batch 3/LKPS/Tabel 3.a.1) Kurikulum dan Rencana Pembelajaran/RPS/RPS MKWK;Directory;https://drive.google.com/drive/folders/1J8sDvvP5501gl8zNeE-dPphYxhaV_3x1;;2026-06-13T08:47:48.480Z
RPS Pendidikan Agama Konghucu.pdf;AKREDITASI 2026 Batch 3/LKPS/Tabel 3.a.1) Kurikulum dan Rencana Pembelajaran/RPS/RPS MKWK/RPS Pendidikan Agama Konghucu.pdf;File;https://drive.google.com/file/d/1mMmF5S8p_RALoyC7mZXr81wcvwZNXQr7/view?usp=drivesdk;722843;2026-06-13T08:52:04.779Z
RPS PENDIDIKAN PANCASILA OBE KURIKULUM 2025.pdf;AKREDITASI 2026 Batch 3/LKPS/Tabel 3.a.1) Kurikulum dan Rencana Pembelajaran/RPS/RPS MKWK/RPS PENDIDIKAN PANCASILA OBE KURIKULUM 2025.pdf;File;https://drive.google.com/file/d/1VAQtJF-EyuZTc7EIy2nGxXgg6k6p_IDS/view?usp=drivesdk;366841;2026-06-13T08:51:58.268Z
RPS Pendidikan Agama Buddha Venty.pdf;AKREDITASI 2026 Batch 3/LKPS/Tabel 3.a.1) Kurikulum dan Rencana Pembelajaran/RPS/RPS MKWK/RPS Pendidikan Agama Buddha Venty.pdf;File;https://drive.google.com/file/d/1SRa1KkYZtCfcVJiNUMBVfLFbX_v5oUBG/view?usp=drivesdk;796031;2026-06-13T08:52:05.026Z
RPS Ke-PGRI-an.docx;AKREDITASI 2026 Batch 3/LKPS/Tabel 3.a.1) Kurikulum dan Rencana Pembelajaran/RPS/RPS MKWK/RPS Ke-PGRI-an.docx;File;https://docs.google.com/document/d/18_xne05OImn2GQJOIhdI-m1HQ-eEtqNB/edit?usp=drivesdk&ouid=101619384140483629602&rtpof=true&sd=true;127710;2026-06-13T08:51:54.158Z
RPS MKU BINDO 2025.docx;AKREDITASI 2026 Batch 3/LKPS/Tabel 3.a.1) Kurikulum dan Rencana Pembelajaran/RPS/RPS MKWK/RPS MKU BINDO 2025.docx;File;https://docs.google.com/document/d/1PSYVsB_f6cwXfKO7ygD-1RAIF0_fCy6M/edit?usp=drivesdk&ouid=101619384140483629602&rtpof=true&sd=true;111216;2026-06-13T08:51:53.632Z
RPS Pendidikan Agama Hindu.pdf;AKREDITASI 2026 Batch 3/LKPS/Tabel 3.a.1) Kurikulum dan Rencana Pembelajaran/RPS/RPS MKWK/RPS Pendidikan Agama Hindu.pdf;File;https://drive.google.com/file/d/10s8FgbqQZMPyz3eS4ltpMIPxTdvfuhCD/view?usp=drivesdk;766324;2026-06-13T08:52:04.463Z
RPS PAI 2025 (2).docx;AKREDITASI 2026 Batch 3/LKPS/Tabel 3.a.1) Kurikulum dan Rencana Pembelajaran/RPS/RPS MKWK/RPS PAI 2025 (2).docx;File;https://docs.google.com/document/d/1NAOZGSoVDKZ0BZpsdt9503BZE5QFg4vO/edit?usp=drivesdk&ouid=101619384140483629602&rtpof=true&sd=true;87815;2026-06-13T08:51:53.260Z
RPS BHS INGGRIS -2025-L.docx;AKREDITASI 2026 Batch 3/LKPS/Tabel 3.a.1) Kurikulum dan Rencana Pembelajaran/RPS/RPS MKWK/RPS BHS INGGRIS -2025-L.docx;File;https://docs.google.com/document/d/1-Ic7nL9EM5d6PREhbFqVfJ2rU4MZPCIp/edit?usp=drivesdk&ouid=101619384140483629602&rtpof=true&sd=true;257602;2026-06-13T08:51:56.415Z
RPS Agama Katolik_2025.pdf;AKREDITASI 2026 Batch 3/LKPS/Tabel 3.a.1) Kurikulum dan Rencana Pembelajaran/RPS/RPS MKWK/RPS Agama Katolik_2025.pdf;File;https://drive.google.com/file/d/1TNx3LAZ_IiY5ozI5lg9m9wfNuAiDiihP/view?usp=drivesdk;568048;2026-06-13T08:52:00.219Z
RPS Agama Kristen_2025.pdf;AKREDITASI 2026 Batch 3/LKPS/Tabel 3.a.1) Kurikulum dan Rencana Pembelajaran/RPS/RPS MKWK/RPS Agama Kristen_2025.pdf;File;https://drive.google.com/file/d/1iGfZd6Gf6gxlz_-FSl_fKvR57FLyDc8a/view?usp=drivesdk;535521;2026-06-13T08:51:59.960Z
RPS_Analisa Tenaga Listrik.pdf;AKREDITASI 2026 Batch 3/LKPS/Tabel 3.a.1) Kurikulum dan Rencana Pembelajaran/RPS/RPS_Analisa Tenaga Listrik.pdf;File;https://drive.google.com/file/d/14g1FVz6xeI1Wn6H9Vt3xpfqv8CBgdONZ/view?usp=drivesdk;342681;2026-06-13T08:50:58.642Z
RPS-OBE-KECERDASAN BUATAN.pdf;AKREDITASI 2026 Batch 3/LKPS/Tabel 3.a.1) Kurikulum dan Rencana Pembelajaran/RPS/RPS-OBE-KECERDASAN BUATAN.pdf;File;https://drive.google.com/file/d/12nlsUw4p0rZNz5zzQeOIVrDcIV7V2Tqg/view?usp=drivesdk;238479;2026-06-13T08:50:54.040Z
RPS-OBE-SENSOR DAN TRANDUSER.pdf;AKREDITASI 2026 Batch 3/LKPS/Tabel 3.a.1) Kurikulum dan Rencana Pembelajaran/RPS/RPS-OBE-SENSOR DAN TRANDUSER.pdf;File;https://drive.google.com/file/d/1bMPkGILeV5Rko104zhaH3yRuycxGdJne/view?usp=drivesdk;236178;2026-06-13T08:50:57.253Z
RPS-OBE-ETIKA PROFESI.pdf;AKREDITASI 2026 Batch 3/LKPS/Tabel 3.a.1) Kurikulum dan Rencana Pembelajaran/RPS/RPS-OBE-ETIKA PROFESI.pdf;File;https://drive.google.com/file/d/1pdq3H0dsT2D1Kc8n1r9VybgW9V7X5lXA/view?usp=drivesdk;243238;2026-06-13T08:50:51.362Z
