Jenis Kegiatan ,Judul Penelitian,Ketua Peneliti,Personil,Tahun,Pendanaan,Roadmap,Sumber,Jenis Sumber,TS,Sesuai Inti,Link Bukti,Link Luaran,Cek Duplikasi,,,,,,Sumber ,"a) Perguruan tinggi
 b) Mandiri",Lembaga dalam negeri (diluar PT),Lembaga Luar Negeri,,Jenis ,Penelitian,PkM
Penelitian,PENGEMBANGAN STADIOMETER DIGITAL UNTUK DETEKSI DINI RISIKO STUNTING PADA ANAK-ANAK USIA DI BAWAH 5 TAHUN,Ganjar Winasis REGULER ( DOSEN PEMULA ),Bambang Hadi Kunaryo;,2025,"Rp7.500.000,00",K3 (IoT Edge & Protokol Industri),LPPM,"a) Perguruan tinggi
 b) Mandiri",TS,V,https://drive.google.com/file/d/16CIEGV9UuBJxwWR0hpmmGQV-0oODQQ4R/view?usp=sharing,https://drive.google.com/file/d/1o_mib4VQnejCsa9-TCwuuCIzWu0v-kae/view?usp=sharing,Unique,,,,,,,,,,,,,
Penelitian,DESAIN SISTEM KENDALI SUHU RUANG PEMANAS DENGAN METODE ULTIMATE CYCLE,Muhammad Amiruddin MANDIRI ( MANDIRI ),Imadudin Harjanto; Bambang Hadi Kunaryo; Affandi Faisal Kurniawan; Sigit Ristanto;,2025,"Rp10.000.000,00",K1 (Sistem Kendali Cerdas PID/Fuzzy),Mandiri,"a) Perguruan tinggi
 b) Mandiri",TS,V,https://drive.google.com/file/d/1-yIr6UR0_ux8IIHkHuYKPspwdsjWuhZy/view?usp=sharing,https://drive.google.com/file/d/1AvExgvbzlsFZTN2SDLswFv4pZUhg6uZJ/view?usp=sharing,Unique,,,,,,,,,,,,,
Penelitian,"DESAIN MODEL FUZZY LOGIC UNTUK PENILAIAN KUALITAS AIR SUMUR BERDASARKAN PARAMETER SALINITAS, PH, DAN KEKERUHAN DI SEMARANG",Agus Mukhtar REGULER ( DOSEN PEMULA ),Aan Burhanudin; Muhammad Amiruddin; Rifki Hermana;,2025,"Rp9.000.000,00",K1 (Sistem Kendali Cerdas PID/Fuzzy Logic dan sesor,LPPM,"a) Perguruan tinggi
 b) Mandiri",TS,V,https://drive.google.com/file/d/11fh328W9IQfg0EDYT8XJ7OIuu5Uo-F49/view?usp=sharing,https://drive.google.com/file/d/1MkoJGEEH2rnSY2_GPxhjTBwk8YHVFY4A/view?usp=sharing,Unique,,,,,,,,,,,,,
Penelitian,PENGELOLAAN BANJIR DENGAN SISTEM POLDER BERBASIS TEKNOLOGI INFORMASI DAN IOT,Ikhwanudin PENELITIAN DESENTRALISASI ( PDUPT ),Farida Yudaningrum; Imadudin Harjanto;,2023,"Rp90.000.000,00",K3 (Embedded System & IoT — instrumentasi sensor presisi),LPPM,"a) Perguruan tinggi
 b) Mandiri",TS-2,V,https://drive.google.com/file/d/1DjAqKTaGqN-g0PG4SiracImXxSXuWaD8/view?usp=sharing,https://drive.google.com/file/d/1VRBKe-9TGF_iyjLGc6wOLA7nS8Hr0J6J/view?usp=sharing,Unique,,,,,,,,,,,,,
Penelitian,DESAIN MULTI-KONVERTER UNTUK PENGATURAN TEGANGAN DC MIKROGRID DENGAN FUZZY LOGIC,Adhi Kusmantoro REGULER ( REG ),Irna Farikhah;,2024,"Rp12.000.000,00",K2 (Smart Grid & Manajemen Energi; PLTS & Konverter Daya),DRTPM,Lembaga dalam negeri (diluar PT),TS-1,V,https://drive.google.com/file/d/1ymp3bm9I283R5RJVb_ylW2CeNr2fGcsN/view?usp=sharing,https://sinta.kemdiktisaintek.go.id/authors/profile/6093223/?view=researches,Unique,,,,,,,,,,,,,
Penelitian,DESAIN BATERAI INVERTER SATU FASA DENGAN KONTROL PI-FUZZY UNTUK PENINGKATAN STABILITAS DAYA AC MIKROGRID,Adhi Kusmantoro,Irna Farikhah;,2023,"Rp218.316.000,00",K2 (Smart Grid & Manajemen Energi; PLTS & Konverter Daya),PENELITIAN KOMPETITIF NASIONAL ( PENELITIAN TERAPAN KOMPETITIF NASIONAL ),Lembaga dalam negeri (diluar PT),TS-2,V,https://drive.google.com/file/d/116vKle-AFiklSJ_q9s6DG9l9SH3zIq5x/view?usp=sharing,https://drive.google.com/file/d/1-B4tUyXFDPaAz2JA5OtWlIkQKkvMqo-j/view?usp=sharing,Unique,,,,,,,,,,,,,
Penelitian,"Studi Pengaruh Jenis, Komposisi, dan Tekanan Gas Kerja Terhadap Kinerja Pembangkit Listrik Termoakustik",IKHSAN SETIAWAN,"AGUNG BAMBANG SETIO, PRASTOWO MURTI UTOMO, IRNA FARIKHAH",2024,"Rp132.060.000,00",K2 (Smart Grid & Manajemen Energi; PLTS & Konverter Daya),,Lembaga dalam negeri (diluar PT),TS-1,V,https://drive.google.com/file/d/1QbJxr-m3vtUuY127d34iYr6MKMxr9k_Q/view?usp=sharing,https://drive.google.com/file/d/1kNYc4_N_lQEG8n-n2VqTu70dI-pn6fLG/view?usp=sharing,Unique,,,,,,,,,,,,,
Penelitian,"KONVERSI ENERGI PANAS MENJADI ENERGI AKUSTIK
 DARI MESIN TERMOAKUSTIK",Irna Farikhah,"Nur Khoiri, Setyoningsih Wibowo,",2025,"Rp24.500.000,00",K2 (Smart Grid & Manajemen Energi; PLTS & Konverter Daya),,"a) Perguruan tinggi
 b) Mandiri",TS,V,https://drive.google.com/file/d/1L7Lk8HgwrsTwdv0GDN0eEPzrGqIqPUep/view?usp=sharing,https://drive.google.com/file/d/1w05oNWsoemL-ZHI67OuilMq839M7ZcCV/view?usp=sharing,Unique,,,,,,,,,,,,,
Penelitian,Pengembangan Peredam Panas Ramah Lingkungan pada Atap Bangunan Berbasis Serat Kelapa,"Dr SLAMET SUPRIYADI, M.Env.St.","Margono, ST., M.Eng; Bambang Hadi Kunaryo, S.T., M.T.; Winda Margaretha; Silfia Dea Ananta; Sisilia Nava Brillian Angelica",2025,"Rp15.000.000,00",,LPPM,"a) Perguruan tinggi
 b) Mandiri",TS-1,,https://drive.google.com/file/d/1VJVi_HPr-Hlok74BpZeQ3FCw9YMJvhOV/view?usp=sharing,,Unique,,,,,,,,,,,,,
Penelitian,Ekstraksi Karagenan Rumput Laut (Gracilaria gigas) Menggunakan Metode Refluks dan Pengaplikasiannya pada Enkapsulan Ekstrak Kulit Buah Manggis (Garcinia mangostana L.),"Dr.Pi Rizky Muliani Dwi Ujianti, S.Pi., M.Si","Althesa Androva, S.T., M.Eng; Bambang Hadi Kunaryo, S.T., M.T.; CARISA ZAHRA AZURA; RIHMA NUR HAYATI; ALIFAH DWI SUSANTI",2024,"Rp12.000.000,00",,LPPM,"a) Perguruan tinggi
 b) Mandiri",TS-1,,https://drive.google.com/file/d/17V-c09gtsemyJFVGrAVTdU70wGLpRzOi/view?usp=sharing,,Unique,,,,,,,,,,,,,
Penelitian,PEMANFAATAN AERATOR BERPENGGERAK TURBIN SAVONIUS DARRIEUS UNTUK PENINGKATAN HASIL PRODUKSI PADA TAMBAK PEMBESARAN IKAN BANDENG (Chanos Chanos Forskal),"Dr.Pi Rizky Muliani Dwi Ujianti, S.Pi., M.Si","Althesa Androva, S.T., M.Eng; Bambang Hadi Kunaryo, S.T., M.T.; Nur Aksin, S.Ag., M.SI; KHOIRUS SA`ADAH; LAILATUS SA'DIYAH SEPTIYANI; MUTIARA SABATINA PUTRIYANTO",2023,"Rp12.000.000,00",,LPPM,"a) Perguruan tinggi
 b) Mandiri",TS-2,,https://drive.google.com/file/d/1N4nscFKcB05q7luF7jO7ZGGj7cQafb7R/view?usp=sharing,,Unique,,,,,,,,,,,,,
Penelitian,"Rekayasa Formulasi Kerupuk Ikan Berbasis Kombinasi Daging Lele (Clarias sp.) dan Tenggiri (Scomberomorus sp.) serta Implikasinya terhadap Sifat Fisik, Kimia, dan Sensorik Produk","Dr.Pi Rizky Muliani Dwi Ujianti, S.Pi., M.Si","Althesa Androva, S.T., M.Eng; Bambang Hadi Kunaryo, S.T., M.T.; MUTIARA FITRI RAHMANINGTYAS; ARINA AINI NURUL KHASANAH; Abdillah Fathan Generus Annajah",2026,"Rp12.500.000,00",,LPPM,"a) Perguruan tinggi
 b) Mandiri",TS,,https://drive.google.com/file/d/1-LGrvnQs3kxkLuSj8zbeirE8o3hgbtIx/view?usp=sharing,,Unique,,,,,,,,,,,,,
Penelitian,"Preparasi, Karakterisasi, dan Optimasi Ketebalan Lapisan Tunggal Bahan Non Magnetik Sekam Padi sebagai Radar Absorber Material","Dr. Affandi Faisal Kurniawan, S.Si.,M.Sc.","Prof. Dr. Nur Khoiri, S.Pd., M.T., M.Pd.; Dr. Sigit Ristanto, ST., M.Sc; Joko Saefan, M. Sc.; Naifah Istya Putri Aprilia; Nadroti Hidayatun Ni’mah; Murtiningsih",2026,"Rp12.500.000,00",,LPPM,"a) Perguruan tinggi
 b) Mandiri",TS,,https://drive.google.com/file/d/1HVz_kKpzabyzREvPrCiH6zFKgYAAp_Zl/view?usp=sharing,,Unique,,,,,,,,,,,,,
Penelitian,Pengembangan Media Pembelajaran Fisika Berbasis Kerangka Kerja Deep Learning untuk Meningkatkan Minat Belajar dan Kemampuan Pemecahan Masalah Siswa,"Dr. Sigit Ristanto, ST., M.Sc","Prof. Dr. Nur Khoiri, S.Pd., M.T., M.Pd.; Dr. Affandi Faisal Kurniawan, S.Si.,M.Sc.; Emila Luthfia Sofa; Julia; Dwi Amiliya Putri",2025,"Rp15.000.000,00",,LPPM,"a) Perguruan tinggi
 b) Mandiri",TS-1,,https://drive.google.com/file/d/1SLFsfi2_MJX2pz0eAAcUfQ3Gw1NHFRpZ/view?usp=sharing,,Unique,,,,,,,,,,,,,
Penelitian,Pengaruh Pemberian Cat pada Atap Bangunan Terhadap Laju Transfer Panas,"Dr. Sigit Ristanto, ST., M.Sc","Dr SLAMET SUPRIYADI, M.Env.St.; Dr. Baju Arie Wibawa, S.T., M.T; Winda Margaretha; Yunita Dwi Saputri Ome; Pramudhita Alfina Damayanti",2024,"Rp23.000.000,00",,LPPM,"a) Perguruan tinggi
 b) Mandiri",TS-1,,https://drive.google.com/file/d/1zXbe7KqxRdxrDNFap9GoufZOTJoB3wo6/view?usp=sharing,,Unique,,,,,,,,,,,,,
Penelitian,Rancang Bangun Prototype Alat Ukur Posisi Benda Berbasis Citra Stereoskopik,"Dr. Sigit Ristanto, ST., M.Sc","Prof. Dr. Nur Khoiri, S.Pd., M.T., M.Pd.; Dr. Affandi Faisal Kurniawan, S.Si.,M.Sc.; Nur Roikhana Zulfa; Pramudhita Alfina Damayanti; Ratih Meiwulan",2024,"Rp15.000.000,00",K3 (Embedded System & IoT — instrumentasi sensor presisi),lPPM,"a) Perguruan tinggi
 b) Mandiri",TS-2,V,https://drive.google.com/file/d/1qWo1uvXBtv49igCt9cfGEUkTHyUxwob4/view?usp=sharing,,Unique,,,,,,,,,,,,,
Penelitian,PREDICTING CRYSTAL SYSTEMS OF LI-ION BATTERY CATHODES USING MACHINE LEARNING,"Dr.Pi Rizky Muliani Dwi Ujianti, S.Pi., M.Si","Dr. Sigit Ristanto, ST., M.Sc; Bambang Agus Herlambang, S.Kom., M.Kom; Rina Widyawati; Sri Wahyuni; Tri Ambarwati Mardikaningrum; Prof. Kazuyoshi Ogasawara",2024,"Rp50.000.000,00",K2 (Smart Grid & Manajemen Energi; PLTS & Konverter Daya),"PROGRAM PENELITIAN INTERNAL 
 SKEMA KERJASAMA LUAR NEGERI","a) Perguruan tinggi
 b) Mandiri",TS-1,V,https://drive.google.com/file/d/1rUGDuncDGOmI3oBTmnzvoupz3j3p0Fb2/view?usp=sharing,,Unique,,,,,,,,,,,,,
Penelitian,Pengembangan E-LKPD Berbasis Masalah Pokok Bahasan Pengukuran Besaran Fisis Untuk Meningkatkan Pemahanan Konsep dan Kemampuan Pengambilan Keputusan,"Prof. Dr. Nur Khoiri, S.Pd., M.T., M.Pd.","Dr. Sigit Ristanto, ST., M.Sc; Dr. Affandi Faisal Kurniawan, S.Si.,M.Sc.; Alifa Citra Utami; Hafizh Aji Prakosa; Dhara Fauziyah Aslam",2023,"Rp10.000.000,00",,Reguler,"a) Perguruan tinggi
 b) Mandiri",TS-2,,https://drive.google.com/file/d/1gtmi_pU8Ztn8c4f6ezXRWni4Jz5MTmLF/view?usp=sharing,Pengembangan_E-LKPD_Berbasis_Problem_Based_Learnin.pdf,Unique,,,,,,,,,,,,,
PkM,PKM PROGRAM PERBAIKAN DAN EDUKASI PENGGUNAAN PERALATAN AUDIO BAGI PANTI ASUHAN FACHRUDIN SEMARANG,Bambang Hadi Kunaryo,Ganjar Winasis; Afeef Kurnia Rahmawan;,2025,"Rp8.000.000,00",,REGULER ( PKM-REGULER ),"a) Perguruan tinggi
 b) Mandiri",TS,V,https://upgrisacid0.sharepoint.com/:b:/s/AkreditasiPSTE2026/IQBVMhSy-WncSbZX_cIPVMnGAfZxWMhB9Jdi84ucJU2OhlU?e=NPj8ke,https://upgrisacid0.sharepoint.com/:b:/s/AkreditasiPSTE2026/IQCmHm4dAF3qQ5cky7UaQc9yAQXr6IIJWPBTCqlcImN4OyE?e=BoJrsT,Unique,,,,,,,,,,,,,
PkM,PKM KELOMPOK PEMBUDIDAYA LELE: TEKNOLOGI ZERO WASTE AIR LIMBAH KOLAM BERBASIS IOT UNTUK PENINGKATAN PRODUKSI DAN PENCEGAHAN STUNTING PADA ANAK,Rizky Muliani Dwi Ujianti,Setyoningsih Wibowo; Bambang Hadi Kunaryo;,2023,"Rp44.500.000,00",,KOMPETITIF NASIONAL ( PKM ),Lembaga dalam negeri (diluar PT),TS-2,V,https://upgrisacid0.sharepoint.com/:b:/s/AkreditasiPSTE2026/IQAZIqxKjkEJQ4IgW1CEBVnuAaGdRsfzZEAmKmjPOto7RuE?e=Z1a94b,https://upgrisacid0.sharepoint.com/:b:/s/AkreditasiPSTE2026/IQC1u4kC0uuDQ7HcjYBpbMieAVvEqNoRLr1o7iO9RIjoRks?e=PrGqH0,Unique,,,,,,,,,,,,,
PkM,PKM PENDAMPINGAN INSTALASI SISTEM CCTV UNTUK MASJID BAITUL ROHMAH PUDAK PAYUNG SEMARANG,Margono,Imadudin Harjanto; Bambang Hadi Kunaryo;,2023,"Rp8.000.000,00",,PROGRAM KEMITRAAN MASYARAKAT ( PKM ),Lembaga dalam negeri (diluar PT),TS-2,V,https://upgrisacid0.sharepoint.com/:b:/s/AkreditasiPSTE2026/IQD16OVJCxApR5BrEJAVCo_BAYZLd5Q8D532o4fR1qvsEx8?e=UPwhKw,https://upgrisacid0.sharepoint.com/:b:/s/AkreditasiPSTE2026/IQB6J5s1qRl5QrepnB8tcxeVAdYButW4scCKNKlcpen0Adk?e=JdKly6,Unique,,,,,,,,,,,,,
PkM,(PKM) PENDAMPINGAN PEMBENAHAN INSTALASI JARINGAN INTERNET LPQ ANNUR TANGGUL MAS BARAT SEMARANG,Slamet Supriyadi,Muhammad Amiruddin; Nur Aksin;,2025,"Rp10.000.000,00",,MANDIRI ( PKM-MANDIRI ),"a) Perguruan tinggi
 b) Mandiri",TS,V,https://upgrisacid0.sharepoint.com/:b:/s/AkreditasiPSTE2026/IQDsV_Kgx6cbQqis7mJFMMUpAYboOcNtU6nrIamPIiZHaFA?e=Thx2nR,https://upgrisacid0.sharepoint.com/:b:/s/AkreditasiPSTE2026/IQAda4Re0ZNwR5PxfcwQnl1_AV99d5PR4VmJfdnvnp2ERO4?e=nGuXV4,Unique,,,,,,,,,,,,,
PkM,PENDAMPINGAN PEMBENAHAN INSTALASI KELISTRIKAN GENSET PANTI ASUHAN SULTAN FATAH NGALIYAN SEMARANG,Margono,Muhammad Amiruddin; Imadudin Harjanto;,2023,"Rp8.000.000,00",,PROGRAM KEMITRAAN MAYSARAKAT-REGULER ( PKM-REGULER ),"a) Perguruan tinggi
 b) Mandiri",TS-2,V,https://upgrisacid0.sharepoint.com/:b:/s/AkreditasiPSTE2026/IQBlUnox5tf1Q4zsGUYrFwt1AX5xUGXVc94eqMJC9kUFglE?e=iVJCYu,https://upgrisacid0.sharepoint.com/:b:/s/AkreditasiPSTE2026/IQDV9et1GhkTQbtKgxfw_yHCAZR5fs6ISjBPcW48CVwV_yU?e=7PsqAw,Unique,,,,,,,,,,,,,
PkM,SOSIALISASI UMKM TERKAIT INOVASI LABEL PEYEK,Muhammad Amiruddin,Personils : -,2023,"Rp1.320.000,00",,REGULER ( REG ),"a) Perguruan tinggi
 b) Mandiri",TS-2,,,,Unique,,,,,,,,,,,,,
PkM,PENDAMPINGAN PENCEGAHAN WASPADA DEMAM BERDARAH,Muhammad Amiruddin,Personils : -,2023,"Rp1.320.000,00",,REGULER ( REG ),"a) Perguruan tinggi
 b) Mandiri",TS-2,,,,Unique,,,,,,,,,,,,,
PkM,"PENDAMPINGAN PENGENALAN TEKNOLOGI INFORMASI DAN KOMUNIKASI DALAM PEMASANG WIFI SETIAP WILAYAH KUPANG LOR AMBARAWA, KABUPATEN SEMARANG",Muhammad Amiruddin,Personils : -,2022,"Rp1.760.000,00",,REGULER ( REG ),"a) Perguruan tinggi
 b) Mandiri",TS-2,,,,Unique,,,,,,,,,,,,,
PkM,Pemberdayaan Masyarakat Peternak Sapi Lokal Di Desa Kuripan Kecamatan Karangawen Kabupaten Demak Menuju Desa Sentra Energi Terbarukan,Achmad Buchori,Suwarno Widodo; Siti Maisyaroh Bakti Pertiwi; Adhi Kusmantoro;,2025,"Rp101.121.000,00",,Pengabdian Kepada Masyarakat Kompetitif Nasional ( PDB ),Lembaga dalam negeri (diluar PT),TS,V,,https://upgrisacid0.sharepoint.com/:b:/s/AkreditasiPSTE2026/IQBsOwnQ8ZJEQaxOgx1mWY5tAbhVQCMhuxaHH9-RX0dkX04?e=4bjn1j,Unique,,,,,,,,,,,,,
PkM,PELATIHAN MADING DIGITAL BERBASIS WEB BAGI KOMUNITAS SENI HYSTERIA SEMARANG,Theodora Indriati Wardani,Adhi Kusmantoro; Irna Farikhah;,2024,"Rp5.750.000,00",,PROGRAM KEMITRAAN MAYSARAKAT-REGULER ( PKM-REGULER ),"a) Perguruan tinggi
 b) Mandiri",TS-1,V,https://upgrisacid0.sharepoint.com/:b:/s/AkreditasiPSTE2026/IQBgd7IBV-EKSYk-FJcXqZJiAZOQSBcLzl73zi3Mh6yFQf8?e=wg5Ivo,https://upgrisacid0.sharepoint.com/:b:/s/AkreditasiPSTE2026/IQCIg8HqO7mPTZ6CnHenRTsPAfxxq-UGH9e3lxya9Q8vJO0?e=Yxv4aZ,Unique,,,,,,,,,,,,,
PkM,PKM BAGI SD NEGERI KALIBANTENG KULON 01 SEMARANG,Adhi Kusmantoro,Irna Farikhah; Theodora Indriati Wardani;,2023,"Rp6.000.000,00",,PROGRAM KEMITRAAN MASYARAKAT ( PKM ),"a) Perguruan tinggi
 b) Mandiri",TS-2,V,https://upgrisacid0.sharepoint.com/:b:/s/AkreditasiPSTE2026/IQCv9-C-S9liTJ4utPqYg97cAU2mytgodLWKvM-ejo3f8CQ?e=NWHRw2,https://upgrisacid0.sharepoint.com/:b:/s/AkreditasiPSTE2026/IQDGnRquX-LOSaIAyVvA_nEXAYa9mXYVc7EjJKN5kj4D89E?e=gqfNs0,Unique,,,,,,,,,,,,,
PkM,PENGUATAN PEMBUATAN MEDIA PEMBELAJARAN INTERAKTIF BERBASIS IT MGMP IPA BLORA,Affandi Faisal Kurniawan REGULER ( PKM-REGULER ),Nur Khoiri; Sigit Ristanto;,2025,"Rp8.000.000,00",,,"a) Perguruan tinggi
 b) Mandiri",TS,V,https://upgrisacid0.sharepoint.com/:b:/s/AkreditasiPSTE2026/IQBFfo0I6RgqSYIc58XGmzlVAWBrs2K59AXAQp7lQ5v5pzE?e=hpJh7s,,Unique,,,,,,,,,,,,,
PkM,PENGUATAN PEMBUATAN MEDIA PEMBELAJARAN INTERAKTIF BERBASIS IT MGMP IPA GROBOGAN,Affandi Faisal Kurniawan PROGRAM KEMITRAAN MAYSARAKAT-REGULER ( PKM-REGULER ),Nur Khoiri; Sigit Ristanto;,2024,"Rp8.000.000,00",,,"a) Perguruan tinggi
 b) Mandiri",TS-1,V,https://upgrisacid0.sharepoint.com/:b:/s/AkreditasiPSTE2026/IQAWUfFcIKRUTKYX-MBkRh8AAc8tAU4amAbuRYEznF5fFSs?e=dpC2Yn,,Unique,,,,,,,,,,,,,
PkM,PKM MODEL PEMBELAJARAN BERBASIS DIGITAL BAGI GURU-GURU SMPN 3 SEMARANG,Maria Yosephine Widarti Lestari PROGRAM KEMITRAAN MAYSARAKAT-REGULER ( PKM-REGULER ),Sigit Ristanto; Jafar Sodiq;,2024,"Rp8.000.000,00",,,"a) Perguruan tinggi
 b) Mandiri",TS-1,V,https://upgrisacid0.sharepoint.com/:b:/s/AkreditasiPSTE2026/IQD6t6Mc6X_qT7g-nPswX0JAARNFHtf_WxZJ0qKNcrYhZqc?e=kdZMtI,,Unique,,,,,,,,,,,,,
PkM,MEMBUAT MEDIA UNTUK POJOK BACA DI KABUPATEN KENDAL,Sigit Ristanto REGULER ( REG ),Personils : -,2023,"Rp1.650.000,00",,,"a) Perguruan tinggi
 b) Mandiri",TS-2,,,,Unique,,,,,,,,,,,,,
PkM,"PENGEDUKASIAN TERHADAP WARGA DESA LIMBANGAN, KENDAL UNTUK PEMANFAATAN LIMBAH ORGANIC MENJADI SABUN SERBA GUNA",Sigit Ristanto REGULER ( REG ),Personils : -,2023,"Rp1.430.000,00",,,"a) Perguruan tinggi
 b) Mandiri",TS-2,,,,Unique,,,,,,,,,,,,,
PkM,PENGUATAN KARYA ILMIAH REMAJA (KIR) SISWA MAN 1 KOTA SEMARANG,Sigit Ristanto PROGRAM KEMITRAAN MASYARAKAT-REGULER ( PKM-REG ),Nur Khoiri; Affandi Faisal Kurniawan;,2023,"Rp8.000.000,00",,,"a) Perguruan tinggi
 b) Mandiri",TS-2,,https://upgrisacid0.sharepoint.com/:b:/s/AkreditasiPSTE2026/IQBdbZaiAMm6SIxmk4Wws7JfAbrjyfAhicUsj0pGgfTfllU?e=gt3T3D,https://upgrisacid0.sharepoint.com/:b:/s/AkreditasiPSTE2026/IQASEJZIHGmnSbKoLTS0KaMoAU4R9aKxpJKUUBQ1qfkQiWg?e=E9wfCW,Unique,,,,,,,,,,,,,
PkM,PKM PENGUATAN PENYUSUNAN KARYA TULIS ILMIAH MGMP FISIKA KABUPATEN BOYOLALI,Sigit Ristanto PROGRAM KEMITRAAN MAYSARAKAT-PENUGASAN ( PKM-PENUGASAN ),Nur Khoiri; Affandi Faisal Kurniawan;,2023,"Rp14.000.000,00",,,"a) Perguruan tinggi
 b) Mandiri",TS-2,,,,Unique,,,,,,,,,,,,,
PkM,"PKM PROGRAM PENERAPAN SMART ENVIRONMENTAL MONITORING BERBASIS IP-CCTV TENAGA SURYA DAN REKAYASA TATA
 LETAK MENGGUNAKAN SPK DI PONDOK PESANTREN KH. MURODI MRANGGEN DEMAK",Bambang Hadi Kunaryo,"Afeef Kurnia Rahmawan, Ganjar Winasis, Sunan Baedowi, Dr Affandi Faesal Kurniawan",2026,"Rp8.000.000,00",,,"a) Perguruan tinggi
 b) Mandiri",TS,V,https://upgrisacid0.sharepoint.com/:b:/s/AkreditasiPSTE2026/IQC3okTdh-7kSYDNweTIoWenARqkWGNJr4yO_Z2EErTU13c?e=7nUDTq,,Unique,,,,,,,,,,,,,