Judul ,Auhor,Nama Penerbit,Tahun Terbit,TS,Jenis Publikasi,Jenis Luaran,Relevansi  dengan visi keilmuan,PUBLISHER,jumlah sitasi,terindex scopus,Rank SINTA,Keunggulan Dosen,Peran Dosen ,Publikasi Mahasiswa,Cek Duplikasi,Link Bukti,,,,,,,,,,
DC Microgrid Performance Improvement Strategy with DC/AC Coupling Configuration,A Kusmantoro,"Department of Electrical and Information Engineering, Faculty of Engineering JNTETI (UGM)",01 Agustus 2023,TS-3,Jurnal nasional terakreditasi / majalah profesi nasional*,Penelitian,V,JNTETI (Jurnal Nasional Teknik Elektro dan Teknologi Informasi UGM),,Tidak,SINTA 2,,,,Unique,,,,,,,,,,,"Department of Electrical and Information Engineering, Faculty of Engineering JNTETI (UGM)"
Penguatan Keterampilan Abad 21 Melalui Perancangan Alat Peraga Pembelajaran Fisika Berorientasi Merancang Kegiatan Laboratorium-Keterampilan Generik Sains (MKL-KGS):-,"N Khoiri, AF Kurniawan, S Ristanto","Jurnal Pengabdian Dan Peningkatan Mutu Masyarakat (Janayu) 4 (1), 36-43",Maret 2023,TS-3,Jurnal nasional terakreditasi / majalah profesi nasional*,Penelitian,,Jurnal Pengabdian dan Peningkatan Mutu (Janayu),,Tidak,SINTA 5,,,,Unique,,,,,,,,,,,"Jurnal Inovasi Pembelajaran Di Sekolah 4 (2), 712-720"
Power management on DC microgrid with new DC coupling based on fuzzy logic,A Kusmantoro,Indonesian Journal of Electrical Engineering and Computer Science,08 Agustus 2023,TS-3,Jurnal nasional terakreditasi / majalah profesi nasional*,Penelitian,V,Indonesian Journal of Electrical Engineering and Computer Science (IJEECS),,Ya,SINTA 1,Ya,,,Unique,,,,,,,,,,,Indonesian Journal of Electrical Engineering and Computer Science
Practicum Ticker Timer with Inquiry Approach to Improve Student Learning Outcomes,"N Khoiri, S Respayanti, AF Kurniawan, S Ristanto","Jurnal Penelitian Pendidikan IPA 9 (2), 838-842",Februari 2023,TS-3,Jurnal nasional terakreditasi / majalah profesi nasional*,Penelitian,,Jurnal Penelitian Pendidikan IPA,,Tidak,SINTA 2,,,,Unique,,,,,,,,,,,"Jurnal Inovasi Pembelajaran di Sekolah 4 (2), 721-727"
A comprehensive analysis of mask detection using convolutional neural networks (CNN) and single shot multibox detector (SSD) approach,"BK Mukti, M Novita, M Amirudin, SK Singh, I Harjanto, P Bhardwaj, ...",2023 International Conference on Sustainable Emerging Innovations in Engineering and Technology (ICSEIET),14/9/2023,TS-2,Prosiding terindeks Scopus / WoS di seminar internasional / pertemuan himpunan profesi internasional*,Penelitian,V,Int. Conf. on Sustainable Emerging Innovations (ICSEIET),,#N/A,#N/A,#N/A,,Ya,Unique,https://ieeexplore.ieee.org/document/10303567/authors#authors,,,,,,,,,,2023 International Conference on Sustainable Emerging Innovations in Engineering and Technology (ICSEIET)
Analisa Tahanan Isolasi Transformator Daya Unit 2 (30 mva) Berdasarkan Uji Indeks Polarisasi Di PT. PLN Gardu Induk 150 KV Cepu,"GD Prasetyo, A Kusmantoro","Proceeding Science and Engineering National Seminar 8 (1), 164-169",9/1/2024,TS-2,Prosiding di seminar nasional/wilayah,Penelitian,V,Science and Engineering National Seminar (SENS),,Tidak,Prosiding Nasional,,,Ya,Unique,https://conference.upgris.ac.id/index.php/sens/article/view/4998/3798,,,,,,,,,,"Proceeding Science and Engineering National Seminar 8 (1), 164-169"
Analisis Gerak Pesawat Atwood Menggunakan Sensor IR-LED Dan Pengolahan Citra,"A Zaroni, S Ristanto, H Nuroso",Lontar Physics Today,29 Mei 2024,TS-2,Jurnal nasional terakreditasi / majalah profesi nasional*,Penelitian,V,Lontar Physics Today,,Tidak,SINTA 4,,,,Unique,,,,,,,,,,,JURNAL TEKNOLOGI INFORMASI DAN KOMUNIKASI
Analisis keterampilan pengambilan keputusan pada pemecahan masalah fisika peserta didik kelas X SMA N 1 Mranggen,"AC Utami, N Khoiri, J Saefan, S Ristanto","Jurnal Inovasi Pembelajaran di Sekolah 4 (2), 721-727",Desember 2023,TS-2,Jurnal nasional tidak terakreditasi,Penelitian,,Jurnal Inovasi Pembelajaran di Sekolah,,Tidak,Belum Terakreditasi,,,,Unique,,,,,,,,,,,"Seminar Nasional Hasil Penelitian dan Pengabdian Kepada Masyarakat 4, 881-889"
ANALISIS PERBANDINGAN DESAIN PEMBANGKIT TEGANGAN SYSTEM DC TO DC CONVERTER DAN KONVENSIONAL,"Muhammad Amir Maruf Muh Amirudin, Margono",JETI,1/10/2023,TS-2,Jurnal nasional tidak terakreditasi,,,,,,,,,Ya,Unique,https://journal2.upgris.ac.id/index.php/jeti/article/view/310,,,,,,,,,,Journal of Physics: Conference Series
"ANALISIS PERBANDINGAN DESAIN PEMBANGKIT TEGANGAN SYSTEM DC TO DC CONVERTER DAN KONVENSIONAL: Muhammad Amir Maruf, Muh Amirudin, Margono","MA Maruf, M Amirudin, M Margono","JETI (Jurnal Elektro dan Teknologi Informasi) 2 (2), 1-6",10 Maret 2024,TS-2,Jurnal nasional tidak terakreditasi,Penelitian,V,JETI (Jurnal Elektro dan Teknologi Informasi) UPGRIS,,Tidak,Belum Terakreditasi,,,,Unique,,,,,,,,,,,"JETI (Jurnal Elektro dan Teknologi Informasi) 2 (2), 1-6"
Analisis Validasi e-LKPD berbasis PBL pada Topik Pengukuran Besaran Fisis Kelas X SLTA,"Nur Khoiri, Affandi Faisal Kurniawan, Eka Yulianda Ismawati",Jurnal Penelitian Pembelajaran Fisika,30-Sep-23,TS-2,Jurnal nasional terakreditasi / majalah profesi nasional*,Penelitian,,Jurnal Penelitian Pembelajaran Fisika,,Tidak,SINTA 4,,,,Unique,,,,,,,,,,,J-ADIMAS (Jurnal Pengabdian Kepada Masyarakat)
Computational Analysis of Electrical Impedance Spectroscopy for Margin Tissue Detection in Laparoscopic Liver Resection,"Sulistia Sulistia, Riyanto Riyanto, Pratondo Busono, Affandi Faisal Kurniawan, Joko Saefan, Wawan Kurniawan, Marlin Ramadhan Baidillah",Jurnal Elektronika dan Telekomunikasi,31 Agustus 2024,TS-2,Jurnal nasional terakreditasi / majalah profesi nasional*,Penelitian,V,Jurnal Elektronika dan Telekomunikasi,,Tidak,SINTA 2,,,,Unique,,,,,,,,,,,Thermal Science
Construction and testing of small-scale thermoacoustic electricity generator with different heating power,"I Setiawan, I Farikhah, A Rahmawati","Thermal Science, 50-50",Maret 2024,TS-2,Jurnal internasional,Penelitian,V,Thermal Science,,Ya,Prosiding Internasional terindeks Scopus / IEEE Xplore / Scopus,Ya,,,Unique,,,,,,,,,,,"Jambura Journal of Electrical and Electronics Engineering 7 (1), 82-88"
Coordinated Control of AC Microgrid for Increase Load Power Using Multi-Inverter,A Kusmantoro,2023 International Conference on Electrical and Information Technology (IEIT),14-Sep-23,TS-2,Prosiding terindeks Scopus / WoS di seminar internasional / pertemuan himpunan profesi internasional*,Penelitian,V,International Conference on Electrical and Info. Tech (IEIT),,Ya,Prosiding Internasional terindeks Scopus / IEEE Xplore / Scopus,Ya,,,Unique,,,,,,,,,,,2023 International Conference on Electrical and Information Technology (IEIT)
"Flood Management in the Babon River Watershed, Semarang City","F Yudaningrum, I Harjanto","KnE Social Sciences, 500–507-500–507",12 Maret 2024,TS-2,Jurnal internasional,Penelitian,,KnE Social Sciences,,Tidak,Jurnal Internasional (Non-Scopus),,,,Unique,,,,,,,,,,,"KnE Social Sciences, 500–507-500–507"
Implementation internet of things-based catfish aquaculture to measure water quality and minimize pond waste,"RMD Ujianti, S Wibowo, BH Kunaryo","Community Empowerment 8 (9), 1348-1354",30-Sep-23,TS-2,Jurnal nasional terakreditasi / majalah profesi nasional*,Penelitian,V,Community Empowerment,,Tidak,SINTA 4,,,,Unique,,,,,,,,,,,"Community Empowerment 8 (9), 1348-1354"
Improving the Attitudes and Creative Thinking Skills of Senior High School Students Using an ESD-Enhanced STEM Approach,"DF Aslam, N Khoiri, S Joko Saefan, E Saptaningrum, S Ristanto","Berkala Ilmiah Pendidikan Fisika 12 (2), 177-185",Juni 2024,TS-2,Jurnal nasional terakreditasi / majalah profesi nasional*,Penelitian,,Berkala Ilmiah Pendidikan Fisika,,Tidak,SINTA 2,,,,Unique,,,,,,,,,,,"Jurnal Inovasi Pembelajaran di Sekolah 5 (1), 043-047"
Increased Load Power With Centralized Control of Multiple Microgrid Resources,A Kusmantoro,"KnE Social Sciences, 346–360-346–360",12 Maret 2024,TS-2,Prosiding tidak terindeks di seminar internasional / pertemuan himpunan profesi nasional*,Penelitian,V,KnE Social Sciences,,Tidak,Jurnal Internasional (Non-Scopus),,,,Unique,,,,,,,,,,,"KnE Social Sciences, 346–360-346–360"
Literatur Review: Implementasi Media Pembelajaran Energi Alternatif Berbasis Kincir Angin Bertenaga Surya dengan Pendekatan STEM,"S Ristianti, N Khoiri, J Saefan, S Ristanto","Jurnal Inovasi Pembelajaran di Sekolah 5 (1), 043-047",Juni 2024,TS-2,Jurnal nasional tidak terakreditasi,Penelitian,V,Jurnal Inovasi Pembelajaran di Sekolah,,Tidak,Belum Terakreditasi,,,,Unique,,,,,,,,,,,"Journal of Research in Nanoscience and Nanotechnology 9 (1), 1-12"
Modifikasi Arsitektur Single Shoot Mulibox Detector Untuk Deteksi Penggunaan Masker,Bayu Krisna Mukti -,JETI,1/10/2023,TS-2,Jurnal nasional tidak terakreditasi,,,,,,,,,Ya,Unique,https://journal2.upgris.ac.id/index.php/jeti/article/view/156/187,,,,,,,,,,Asia-Pacific Journal of Science and Technology
Multi-Inverter Coordinated Control on AC Microgrid for Increased Load Power,A Kusmantoro,2023 Sixth International Conference on Vocational Education and Electrical Engineering (ICVEE),14 Oktober 2023,TS-2,Prosiding terindeks Scopus / WoS di seminar internasional / pertemuan himpunan profesi internasional*,Penelitian,V,Int. Conf. on Vocational Education and Elec. Eng. (ICVEE),,Ya,Prosiding Internasional terindeks Scopus / IEEE Xplore / Scopus,Ya,,,Unique,,,,,,,,,,,2023 Sixth International Conference on Vocational Education and Electrical Engineering (ICVEE)
Pelatihan Majalah Dinding Digital Berbasis Web bagi Komunitas Seni Hysteria Semarang,"TI Wardani, A Kusmantoro, I Farikhah, FXD Purwosetiyono","Pelita: Jurnal Pengabdian kepada Masyarakat 4 (2), 60-69",30-Apr-24,TS-2,Jurnal nasional terakreditasi / majalah profesi nasional*,Pengabdian,V,Pelita: Jurnal Pengabdian kepada Masyarakat,,Tidak,SINTA 5,,,,Unique,,,,,,,,,,,"Pelita: Jurnal Pengabdian kepada Masyarakat 4 (2), 60-69"
Pendampingan Digitalisasi Pemasaran Produk UMKM di Desa Banjarejo Kecamatan Boja Kabupaten Kendal,"W Wijayanto, N Cholifah, AR Rozzaqi, BH Kunaryo, S Sudargo","Journal of Digital Community Services 1 (2), 22-27",19 Mei 2024,TS-2,Jurnal nasional terakreditasi / majalah profesi nasional*,Penelitian,V,Journal of Digital Community Services,,Tidak,SINTA 5,,,,Unique,,,,,,,,,,,"Journal of Digital Community Services 1 (2), 22-27"
Pendekatan Neural Network pada Gerak Unstretch Bungee Jumping Menggunakan Metode Euler,"Tika Wahyuni, Fardika Armawanto, Diah Ayu Faradita, Nur Khoiri, Affandi Faisal Kurniawan, Joko Saefan",Lontar Physics Today,1 Desember 2023,TS-2,Jurnal nasional terakreditasi / majalah profesi nasional*,Penelitian,,Lontar Physics Today,,Tidak,SINTA 4,,,,Unique,,,,,,,,,,,Sādhanā
Pengembangan e-lkpd berbasis problem based learning untuk meningkatkan kemampuan pengambilan keputusan peserta didik,"EY Ismawati, N Khoiri, J Saefan, S Ristanto, HA Prakosa, S Ristianti","Jurnal Inovasi Pembelajaran Di Sekolah 4 (2), 712-720",Desember 2023,TS-2,Jurnal nasional tidak terakreditasi,Penelitian,V,Jurnal Inovasi Pembelajaran di Sekolah,,Tidak,Belum Terakreditasi,,,,Unique,,,,,,,,,,,"Berkala Ilmiah Pendidikan Fisika 12 (2), 177-185"
Pengenalan Photovoltaik (PV) Dalam Sistem PLTS di SD Negeri Kalibanteng Kulon 01 Semarang,"A Kusmantoro, TI Wardani, I Farikhah","Seminar Nasional Hasil Penelitian dan Pengabdian Kepada Masyarakat 4, 860-871",29 Desember 2023,TS-2,Prosiding di seminar nasional/wilayah,Pengabdian,V,Seminar Nasional Hasil Penelitian dan Pengabdian (SNHP),,Tidak,Prosiding Nasional,,,,Unique,,,,,,,,,,,"Seminar Nasional Hasil Penelitian dan Pengabdian Kepada Masyarakat 4, 860-871"
Pengenalan PLTS Sebagai Pembangkit Listrik Energi Terbarukan Bagi Siswa dan Guru SD Negeri Kalibanteng Kulon 01 Semarang,"A Kusmantoro, I Farikhah, TI Wardani","J-ADIMAS (Jurnal Pengabdian Kepada Masyarakat) 12 (1), 37-42",24 Juli 2024,TS-2,Jurnal nasional terakreditasi / majalah profesi nasional*,Pengabdian,V,J-ADIMAS (Jurnal Pengabdian Kepada Masyarakat),,Tidak,SINTA 5,,,,Unique,,,,,,Jurnal internasional bereputasi / majalah profesi internasional*,,,,,"J-ADIMAS (Jurnal Pengabdian Kepada Masyarakat) 12 (1), 37-42"
PENGUATAN KARYA ILMIAH REMAJA (KIR) SISWA MAN 1 KOTA SEMARANG,"S Ristanto, N Khoiri, AF Kurniawan, J Saefan","Seminar Nasional Hasil Penelitian dan Pengabdian Kepada Masyarakat 4, 881-889",Desember 2023,TS-2,Prosiding di seminar nasional/wilayah,Pengabdian,,Seminar Nasional Hasil Penelitian dan Pengabdian (SNHP),,Tidak,Prosiding Nasional,,,,Unique,,,,,,,,,,,"Lontar Physics Today 3 (2), 055-063"
PERANCANGAN ALAT PENYIRAMAN TANAMAN OTOMATIS BERBASIS PID DENGAN MONITORING PID,"AFR Alfan, A Kusmantoro","JETI (Jurnal Elektro dan Teknologi Informasi) 1 (1), 1-5",24/5/2024,TS-2,Jurnal nasional tidak terakreditasi,Penelitian,V,JETI (Jurnal Elektro dan Teknologi Informasi) UPGRIS,,Tidak,Belum Terakreditasi,,,Ya,Unique,https://journal2.upgris.ac.id/index.php/jeti/article/view/573/229,,,,,Prosiding terindeks Scopus / WoS di seminar internasional / pertemuan himpunan profesi internasional*,,,,,"JETI (Jurnal Elektro dan Teknologi Informasi) 1 (1), 1-5"
PERANCANGAN PEMBANGKIT LISTRIK HIBRYD ( PLNPLTS-GENSET ) PADA TOSERBA YOGYA PEKALONGAN,ahmad khudori ahmad -,JETI,1/10/2023,TS-2,Jurnal nasional tidak terakreditasi,,,,,,,,,Ya,Unique,https://journal2.upgris.ac.id/index.php/jeti/article/view/314/185,,,,,,,,,,Journal of Physics: Conference Series
PERANCANGAN PERANGKAT KERAS PENGERING PAKAIAN,"F Udin, A Kusmantoro","JETI (Jurnal Elektro dan Teknologi Informasi) 1 (1), 1-4",25/5/2024,TS-2,Jurnal nasional tidak terakreditasi,Penelitian,V,JETI (Jurnal Elektro dan Teknologi Informasi) UPGRIS,,Tidak,Belum Terakreditasi,,,Ya,Unique,https://journal2.upgris.ac.id/index.php/jeti/article/view/578/230,,,,,Prosiding tidak terindeks di seminar internasional / pertemuan himpunan profesi nasional*,,,,,"JETI (Jurnal Elektro dan Teknologi Informasi) 1 (1), 1-4"
PLTS MODULE DESIGN USING BATTERY MANAGEMENT SYSTEM ON LI-ION BATTERY,"MMS Wafa, A Kusmantoro, M Margono",JETI (Jurnal Elektro dan Teknologi Informasi) 2 (2),27/3/2024,TS-2,Jurnal nasional tidak terakreditasi,Penelitian,V,JETI (Jurnal Elektro dan Teknologi Informasi) UPGRIS,,Tidak,Belum Terakreditasi,,,Ya,Unique,https://journal2.upgris.ac.id/index.php/jeti/article/view/317/183,,,,,,,,,,JETI (Jurnal Elektro dan Teknologi Informasi) 2 (2)
Poly Lactic-co-Glycolic Acid Nanoparticles: Flow Rates and Gauge Sizes Influence the Droplet Surface Tension and Particle Sizing,"A Shakri, MAI Shawaludin, IFM Suffian, I Farikhah, KM Pa’ad","Journal of Research in Nanoscience and Nanotechnology 9 (1), 1-12",Desember 2023,TS-2,Jurnal internasional,Penelitian,V,Journal of Research in Nanoscience and Nanotechnology,,Tidak,Jurnal Internasional (Non-Scopus),,,,Unique,,,,,,,,,,,"Widya Teknik 23 (3), 114-118"
RANCANGAN BANGUN KEBUTUHAN ACESSPOINT DI GEDUNG UTAMA UNIVERSITAS PGRI SEMARANG,"B Hadi Kunaryo, I Harjanto, M Amiruddin","Jurnal Teknologi Informasi dan Komunikasi, Volume 14, Nomor 2 Thn 2023",01-Sep-23,TS-2,Jurnal nasional terakreditasi / majalah profesi nasional*,,V,Jurnal Ilmiah Teknologi Informasi dan Komunikasi (JTIK),,Tidak,SINTA 5,,,,Unique,,,,,,,,,,,"Jurnal Teknologi Informasi dan Komunikasi, Volume 14, Nomor 2 Thn 2023"
Real-Time Microgrid Centralized Control For Consuming Water Pump,"A Kusmantoro, I Farikhah","E3S Web of Conferences 465, 02003",18 Desember2023,TS-2,Prosiding di seminar nasional/wilayah,Penelitian,V,E3S Web of Conferences,,Ya,Prosiding Internasional terindeks Scopus / IEEE Xplore / Scopus,Ya,,,Unique,,,,,,,,,,,"E3S Web of Conferences 465, 02003"
Real-Time Microgrid For Submersible Pump Energy Consumption Based On Fuzzy Logic Controller,A Kusmantoro,"2023 International Conference on Advanced Mechatronics, Intelligent Mechatronics",14-Nov-23,TS-2,Prosiding terindeks Scopus / WoS di seminar internasional / pertemuan himpunan profesi internasional*,Penelitian,V,Int. Conf. on Advanced Mechatronics (ICAM),,Ya,Prosiding Internasional terindeks Scopus / IEEE Xplore / Scopus,Ya,,,Unique,,,,,,,,,,,"2023 International Conference on Advanced Mechatronics, Intelligent Mechatronics"
Revitalizing circular motion topic learning through android application based on transformative learning,"H Nasbey, AF Kurniawan, AR Kusumadianti",Journal of Physics: Conference Series,01-Sep-23,TS-2,Prosiding tidak terindeks di seminar internasional / pertemuan himpunan profesi nasional*,Penelitian,,Journal of Physics: Conference Series,,Ya,Prosiding Internasional terindeks Scopus / IEEE Xplore / Scopus,Ya,,,Unique,,,,,,,,,,,Pelita: Jurnal Pengabdian kepada Masyarakat
Simulasi Kapasitor Bank Untuk Efisiensi Daya Listrik Pada PT. Krisna Brass Indonesia,"JK Rachmanda, A Kusmantoro","Proceeding Science and Engineering National Seminar 8 (1), 61-69",8/1/2024,TS-2,Prosiding di seminar nasional/wilayah,Penelitian,V,Science and Engineering National Seminar (SENS),,Tidak,Prosiding Nasional,,,Ya,Unique,https://conference.upgris.ac.id/index.php/sens/article/view/4976/3775,,,,,,,,,,"Proceeding Science and Engineering National Seminar 8 (1), 61-69"
Sistem Eksitasi Pada Generator Di PT PJB UBJ O&M PLTU REMBANG,Ahmad Safrudin Bambang Hadi Kunaryo,SENS,19/12/2023,TS-2,Prosiding di seminar nasional/wilayah,Penelitian,V,Science and Engineering National Seminar (SENS),,Tidak,Prosiding Nasional,,,Ya,Unique,https://conference.upgris.ac.id/index.php/sens/article/view/4968/3768,,,,,,,,,,
Sistem Kendali Pengisian Baterai pada PLTS,Abu Khasan,"Simetris: Jurnal Teknik Mesin, Industri, Elektro dan Ilmu Komputer",1/11/2023,TS-2,Jurnal nasional terakreditasi,,,,,,,,,Ya,Unique,https://jurnal.umk.ac.id/index.php/simet/article/view/9983,,,,,,,,,,
Sistem Pemeliharaan Pendingin Pada Generator di PT. PJB UbJ O&M PLTU Rembang,"NO Ardiansyah, M Amiruddin, BH Kunaryo","Proceeding Science and Engineering National Seminar 8 (1), 235-243",19/12/2023,TS-2,Prosiding di seminar nasional/wilayah,Penelitian,V,Science and Engineering National Seminar (SENS),,Tidak,Prosiding Nasional,,,Ya,Unique,https://conference.upgris.ac.id/index.php/sens/article/view/5070/3909,,,,,,,,,,"Proceeding Science and Engineering National Seminar 8 (1), 1-9"
Sosialisasi dan Pendampingan Pembenahan Instalasi Kelistrikan Panti Asuhan Sultan Fatah Ngaliyan Semarang,"M Amiruddin, I Harjanto, BH Kunaryo, M Margono, N Aksin","PaKMas: Jurnal Pengabdian Kepada Masyarakat 4 (1), 109-115",28 Mei 2024,TS-2,Jurnal nasional terakreditasi / majalah profesi nasional*,Pengabdian,V,PaKMas: Jurnal Pengabdian Kepada Masyarakat,,Tidak,SINTA 6,,,,Unique,,,,,,,,,,,"PaKMas: Jurnal Pengabdian Kepada Masyarakat 4 (1), 109-115"
The effect of waste tire oil and pertamina dex oil blends on compression ignition engine performance,"AF Kurniawan, M Ali, SE Sofyan",IOP Conference Series: Earth and Environmental Science,1 Juli 2024,TS-2,Prosiding terindeks Scopus / WoS di seminar internasional / pertemuan himpunan profesi internasional*,Penelitian,,IOP Conference Series: Earth and Environmental Science,,Ya,Prosiding Internasional terindeks Scopus / IEEE Xplore / Scopus,Ya,,,Unique,,,,,,,,,,,Results in Engineering
Analisis Perbandingan Efisiensi Pemakaian Energi Listrik Antara Pln Dan Genset Di Pollux Mall Paragon Semarang,"AD Mahendra, M Margono, M Amiruddin","TRANSISTOR Elektro dan Informatika 5 (1), 27-36",Maret 2023,TS-3,Jurnal nasional terakreditasi / majalah profesi nasional*,Penelitian,V,TRANSISTOR Elektro dan Informatika,,Tidak,SINTA 4,,,,Unique,https://jurnal.unissula.ac.id/index.php/EI/article/download/30486/8282,,,,,,,,,,"TRANSISTOR Elektro dan Informatika 5 (1), 27-36"
Design of Water Pump Station Control in Polder System using IoT and Hybrid Fuzzy Neural Network,"I Harjanto, F Yudaningrum","IOP Conference Series: Earth and Environmental Science 1321 (1), 012014",2024,TS-121,Prosiding terindeks Scopus / WoS di seminar internasional / pertemuan himpunan profesi internasional*,Penelitian,V,IOP Conference Series: Earth and Environmental Science,,Ya,Prosiding Internasional terindeks Scopus / IEEE Xplore / Scopus,Ya,,,Unique,,,,,,,,,,,"IOP Conference Series: Earth and Environmental Science 1321 (1), 012014"
Effect of prime mover regenerator radius on the performance and characteristic of acoustic field of thermoacoustic refrigerator driven by prime mover,"I Farikhah, RN Isnandi, I Setiawan, R Hermana, ED Rokhmawati, ...","Thermal Science 28 (2 Part C), 1837-1848",2024,TS-121,Jurnal internasional bereputasi / majalah profesi internasional*,Penelitian,V,Thermal Science,,Ya,Prosiding Internasional terindeks Scopus / IEEE Xplore / Scopus,Ya,,,Unique,,,,,,,,,,,"Thermal Science 28 (2 Part C), 1837-1848"
"Experimental Insights into the Impact of HeliumBased Binary Gas Mixtures on Thermoacoustic 
 Electricity Generation","Ikhsan Setiawan1,*, Prastowo Murti2
 , Irna Farikhah3
 , Agung B S Utomo","International 
 Journal of Advances 
 in Applied Sciences 
 (IJAAS)",2024,TS-121,Jurnal nasional terakreditasi / majalah profesi nasional*,Penelitian,,International Journal of Advances in Applied Sciences (IJAAS),,Tidak,SINTA 3,,,,Unique,,,,,,,,,,,Jurnal Pendidikan Fisika dan Teknologi
"Implementation internet of things-based catfish aquaculture to 
 measure water quality and minimize pond waste","Rizky Muliani Dwi Ujianti , Setyoningsih Wibowo, Bambang Hadi Kunaryo",COMMUNITY EMPOWERMENT,2023,TS-121,Jurnal nasional terakreditasi / majalah profesi nasional*,,V,Community Empowerment,,Tidak,SINTA 4,,,,Unique,,,,,,,,,,,MEDIA KONSTRUKSI
"Integrating educational and health technologies for cattle farmers 
 in the development of a renewable energy-based village in Kuripan, 
 Demak","Achmad Buchori, Suwarno Widodo; Siti Maisyaroh Bakti Pertiwi; Adhi Kusmantoro;",COMMUNITY EMPOWERMENT,2025,TS-121,Jurnal nasional terakreditasi / majalah profesi nasional*,,V,Community Empowerment,,Tidak,SINTA 4,,,,Unique,,,,,,,,,,,Widya Teknik
Kajian Literatur: Model Pembelajaran Problem Based Learning Pada Materi Fisika Terhadap Hasil Belajar Siswa,"NR Zulva, S Ristanto, N Khoiri","Lontar Physics Today 3 (2), 055-063",2024,TS-121,Jurnal nasional terakreditasi / majalah profesi nasional*,Penelitian,,Lontar Physics Today,,Tidak,SINTA 4,,,,Unique,,,,,,,,,,,JPF (Jurnal Pendidikan Fisika) Universitas Islam Negeri Alauddin Makassar Vol 12
Pendampingan Pembenahan Instalasi Sistem CCTV untuk Masjid Baitul Rohmah Pudak Payung Semarang,"M Amiruddin, I Harjanto, BH Kunaryo, M Margono","PaKMas: Jurnal Pengabdian Kepada Masyarakat 3 (1), 74-79",2023,TS-121,Jurnal nasional terakreditasi / majalah profesi nasional*,Pengabdian,V,PaKMas: Jurnal Pengabdian Kepada Masyarakat,,Tidak,SINTA 6,,,,Unique,,,,,,,,,,,"PaKMas: Jurnal Pengabdian Kepada Masyarakat 3 (1), 74-79"
"Review Paper on Bluetooth Based Home Automation Using Android Phone,, ","P. Bhardwaj et al., ""","2023 International Conference on Sustainable Emerging Innovations in Engineering and Technology (ICSEIET), Ghaziabad, India, 2023, pp. 494-496",2023,TS-121,Prosiding tidak terindeks di seminar internasional / pertemuan himpunan profesi nasional*,,,,,,,,,,Unique,,,,,,,,,,,JPF (Jurnal Pendidikan Fisika) Universitas Islam Negeri Alauddin Makassar
Solar power and multi-battery for new configuration DC microgrid using centralized control,"A Kusmantoro, I Farikhan",Archives of Electrical Engineering 72 (4),2023,TS-121,Jurnal internasional bereputasi / majalah profesi internasional*,Penelitian,V,Archives of Electrical Engineering,,Ya,Prosiding Internasional terindeks Scopus / IEEE Xplore / Scopus,Ya,,,Unique,,,,,,,,,,,Archives of Electrical Engineering 72 (4)
"PKM Program Perbaikan dan Edukasi Penggunaan Peralatan Audio
 Bagi Panti Asuhan Fachrudin Semaran","Bambang Hadi Kunaryo1*
 , Afeef Kurnia Rahmawan1
 , Ganjar Winasis1
 , dan Rifki Hermana2",IRA Jurnal Pengabdian Kepada Masyarakat (IRAJPKM),9 Agustus 2025,TS-1,Jurnal Nasional Tidak Terakreditasi,,V,IRA Jurnal Pengabdian Kepada Masyarakat (IRAJPKM),,Tidak,Belum Terakreditasi,,,,Unique,https://e-journals.irapublishing.com/index.php/IRAJPKM/article/view/275/220,,,,,,,,,,E-Dimas: Jurnal Pengabdian kepada Masyarakat
Analisa Perbandingan Performansi Kecepatan Downlink Dan Uplink Pada Jaringan 4g Lte Antara Provider Jaringan Indosat Dan Smartfren Di Kawasan Tlogosari Semarang,"bahar juni santika Adhi Kusmantoro, Bambang Hadi Kunaryo",JETI,1/10/2024,TS-1,Jurnal nasional tidak terakreditasi,,,,,,,,,Ya,Unique,https://journal2.upgris.ac.id/index.php/jeti/article/view/921/721,,,,,,,,,,"International 
 Journal of Advances 
 in Applied Sciences 
 (IJAAS)"
ANALISIS DAN PEMELIHARAAN ALAT UKUR LISTRIK,"FM Inzaghi, A Kusmantoro","Proceeding Science and Engineering National Seminar 9 (1), 220-225",23 Februari 2025,TS-1,Prosiding di seminar nasional/wilayah,Penelitian,V,Science and Engineering National Seminar (SENS),,Tidak,Prosiding Nasional,,,,Unique,https://conference.upgris.ac.id/index.php/sens/article/download/6918/4885,,,,,,,,,,"Proceeding Science and Engineering National Seminar 9 (1), 220-225"
ANALISIS KINERJA SENSOR ULTRASONIK HC-SR04 DENGAN AKURASI TINGGI DAN ERROR RENDAH,"AR Adha, MA Musthofa, G Putra, I Harjanto","Proceeding Science and Engineering National Seminar 9 (1), 115-122",6/2/2025,TS-1,Prosiding di seminar nasional/wilayah,Penelitian,V,Science and Engineering National Seminar (SENS),,Tidak,Prosiding Nasional,,,Ya,Unique,https://conference.upgris.ac.id/index.php/sens/article/view/6821/4820,,,,,,,,,,"Proceeding Science and Engineering National Seminar 9 (1), 115-122"
Analisis Respon Pembacaan Sensor Beban (Load Cell) dengan Menggunakan Autonics TK4S,"Moh Rizqi Mubarok, Muhammad Amiruddin",Jurnal Ilmiah Wahana Pendidikan,10 Desember 2024,TS-1,Jurnal nasional terakreditasi / majalah profesi nasional*,Penelitian,V,Jurnal Ilmiah Wahana Pendidikan,,Tidak,SINTA 6,,,,Unique,https://jurnal.peneliti.net/index.php/JIWP/article/view/9115/7333,,,,,,,,,,"Jambura Journal of Electrical and Electronics Engineering 7 (1), 82-88"
DESAIN PEMBANGKIT LISTRIK TENAGA BAYU (PLTB) DENGAN TURBIN ANGIN VERTIKAL,"Teeris Ardiyanto Adhi Kusmantoro, Margono",JETI,1/10/2024,TS-1,Jurnal nasional tidak terakreditasi,,,,,,,,,Ya,Unique,https://journal2.upgris.ac.id/index.php/jeti/article/view/1004/718,,,,,,,,,,JURNAL ILMIAH TEKNOLOGI INFORMASI DAN KOMUNIKASI (JTIK)
DESAIN SISTEM KENDALI SUHU RUANG PEMANAS DENGAN METODE ULTIMATE CYCLE,"M Amiruddin, I Harjanto, BH Kunaryo","JURNAL TEKNOLOGI INFORMASI DAN KOMUNIKASI 15 (2), 352-359",01-Sep-24,TS-1,Jurnal nasional terakreditasi / majalah profesi nasional*,Penelitian,V,Jurnal Ilmiah Teknologi Informasi dan Komunikasi (JTIK),,Tidak,SINTA 5,,,,Unique,,,,,,,,,,,"JURNAL TEKNOLOGI INFORMASI DAN KOMUNIKASI 15 (2), 352-359"
Digital Physics Module for 21st Century Education on New and Renewable Energy Based on the Dilemma-STEAM Learning Model,"H Nasbey, RA Sirait, AF Kurniawan, A Samsudin, A Fadlan",Journal of Physics: Conference Series,1 Oktober 2024,TS-1,Jurnal nasional terakreditasi / majalah profesi nasional*,Penelitian,V,Lontar Physics Today,,Tidak,SINTA 4,,,,Unique,,,,,,,,,,,Community Development Journal: Jurnal Pengabdian Masyarakat
Enhancing Students’ Climate Change Literacy through Climate-Integrated Physics Learning via Citizen Science,"DA Kuntari, S Ristanto, J Siswanto",Jurnal Pendidikan Fisika dan Teknologi,30 Juli 2025,TS-1,Jurnal nasional terakreditasi / majalah profesi nasional*,Penelitian,,Jurnal Pendidikan Fisika dan Teknologi,,Tidak,SINTA 3,,,,Unique,,,,,,,,,,,"2024 11th International Conference on Electrical Engineering, Computer Science and Informatics (EECSI)"
Experimental investigation of a standing-wave thermoacoustic electricity generator with different working gases,"I Setiawan, I Farikhah, P Murti, AB Setio-Utomo","Sādhanā 50 (2), 1-15",Juni 2025,TS-1,Jurnal internasional,Penelitian,V,Sādhanā,,Ya,Prosiding Internasional terindeks Scopus / IEEE Xplore / Scopus,Ya,,,Unique,,,,,,,,,,,"Proceeding Science and Engineering National Seminar 8 (1), 235-243"
"IMPLEMENTASI SISTEM PENGUKURAN BERAT BENDA BERBASIS LOADCELL DENGAN TATAP MUKA CN6000, TK4S, DAN HMI","Min Ibni Jahri Muhammad Amiruddin, Ganjar Winasis",SENS,1/12/2024,TS-1,Prosiding di seminar nasional/wilayah,,,,,,,,,Ya,Unique,https://conference.upgris.ac.id/index.php/sens/article/view/6852/4830,,,,,,,,,,
Improvement of AC Bus Voltage Stability with Current Control Inverter,"BR Nugroho, R Maulidin, A Kusmantoro","Kinetik: Game Technology, Information System, Computer Network, Computing, Electronics, and Control",31/5/2025,TS-1,Jurnal nasional terakreditasi,Penelitian,V,"Kinetik: Game Technology, Information System, etc.",,Tidak,SINTA 2,,,Ya,Unique,https://kinetik.umm.ac.id/index.php/kinetik/article/view/2107,,,,,,,,,,"Jurnal Penelitian Pendidikan IPA 9 (2), 838-842"
Increased DC Bus Voltage Stability with Multiple Microgrid Cluster Strategies.,A Kusmantoro,KnE Social Sciences,18-Apr-25,TS-1,Prosiding tidak terindeks di seminar internasional / pertemuan himpunan profesi nasional*,Penelitian,V,KnE Social Sciences,,Tidak,Jurnal Internasional (Non-Scopus),,,,Unique,,,,,,,,,,,Jurnal Pengabdian kepada Masyarakat Nusantara
"Increasing Awareness of Cow Manure Processing Technology through Virtual Reality-Based Educational Media Training in Kuripan Village, Demak.","A Buchori, D Prasetyowati, S Widodo, A Kusmantoro, SMB Pertiwi",KnE Social Sciences,18-Apr-25,TS-1,Prosiding tidak terindeks di seminar internasional / pertemuan himpunan profesi nasional*,Penelitian,V,KnE Social Sciences,,Tidak,Jurnal Internasional (Non-Scopus),,,,Unique,,,,,,,,,,,"Kinetik: Game Technology, Information System, Computer Network, Computing, Electronics, and Control"
INSPEKSI KETENAGALISTRIKAN PADA PEMBANGKIT LISTRIK TENAGA DIESEL (PLTD) KAPASITAS 250 KVA DI NASMOCO KALIGAWE,"M Faizal, A Kusmantoro","Proceeding Science and Engineering National Seminar 9 (1), 226-233",23/2/2025,TS-1,Prosiding di seminar nasional/wilayah,Penelitian,V,Science and Engineering National Seminar (SENS),,Tidak,Prosiding Nasional,,,Ya,Unique,https://conference.upgris.ac.id/index.php/sens/article/view/6919/4886,,,,,,,,,,"Proceeding Science and Engineering National Seminar 9 (1), 226-233"
Optimalisasi Sistem Kelistrikan melalui Penggunaan Capacitor Bank,"R Maulidin, A Kusmantoro","Proceeding Science and Engineering National Seminar 9 (1), 100-106",5/2/2025,TS-1,Prosiding di seminar nasional/wilayah,Penelitian,V,Science and Engineering National Seminar (SENS),,Tidak,Prosiding Nasional,,,Ya,Unique,https://conference.upgris.ac.id/index.php/sens/article/view/6815/4813,,,,,,,,,,"Proceeding Science and Engineering National Seminar 9 (1), 100-106"
OPTIMASI MODEL DEEP LEARNING UNTUK RASPBERRY MENGGUNAKAN PRUNING DAN KUANTISASI,"I Harjanto, M Amiruddin, BH Kunaryo","JURNAL TEKNOLOGI INFORMASI DAN KOMUNIKASI 15 (2), 360-370",01-Sep-24,TS-1,Jurnal nasional terakreditasi / majalah profesi nasional*,Penelitian,V,Jurnal Ilmiah Teknologi Informasi dan Komunikasi (JTIK),,Tidak,SINTA 5,,,,Unique,,,,,,,,,,,"JURNAL TEKNOLOGI INFORMASI DAN KOMUNIKASI 15 (2), 360-370"
Pemanfaatan Teknologi Digital dalam Pembelajaran Siswa SMP di Kota Semarang,"Maria Yosephin Widarti Lestari, Theresia Cicik Sophia Budiman, Jafar Sodiq, Sigit Ristanto",E-Dimas: Jurnal Pengabdian kepada Masyarakat,21 Juni 2025,TS-1,Jurnal nasional terakreditasi / majalah profesi nasional*,Pengabdian,,E-Dimas: Jurnal Pengabdian kepada Masyarakat,,Tidak,SINTA 3,,,,Unique,,,,,,,,,,,Pelita: Jurnal Pengabdian kepada Masyarakat
PEMANFAATAN TERMOKOPEL UNTUK SISTEM PEMANTAUAN SISTEM MOTOR POMPA,"A Khasan, M Amiruddin, I Harjanto","Science and Engineering National Seminar 5 (1), 831-836",25 Maret 2025,TS-1,Prosiding di seminar nasional/wilayah,Penelitian,V,Science and Engineering National Seminar (SENS),,Tidak,Prosiding Nasional,,,,Unique,,,,,,,,,,,"Science and Engineering National Seminar 5 (1), 831-836"
PENDAMPINGAN PEMBENAHAN INSTALASI JARINGAN INTERNET LPQ ANNUR TANGGUL MAS BARAT SEMARANG,"M Amiruddin, I Harjanto, M Margono, N Aksin, S Supriyadi","Community Development Journal: Jurnal Pengabdian Masyarakat 5 (6), 12121-12127",17 Desember 2024,TS-1,Jurnal nasional terakreditasi / majalah profesi nasional*,Pengabdian,V,Community Development Journal,,Tidak,SINTA 5,,,,Unique,,,,,,,,,,,"Community Development Journal: Jurnal Pengabdian Masyarakat 5 (6), 12121-12127"
Penerapan Algoritma Fuzzy Mamdani Terhadap Penentuan Modulus Young Kain Spandex,"K Anwar, M Amiruddin","Innovative: Journal Of Social Science Research 4 (5), 1730-1741",09-Sep-24,TS-1,Jurnal nasional tidak terakreditasi,Penelitian,V,Innovative: Journal Of Social Science Research,,Tidak,Belum Terakreditasi,,,,Unique,,,,,,,,,,,Proceeding Science and Engineering National Seminar
"Penerapan Media Terarium untuk Meningkatkan Kreativitas, Literasi Keuangan, dan Jiwa Kewirausahaan Siswa dalam Program Projek Penguatan Profil Pelajar Pancasila","Ipah Budi Minarti, Azizul Ghofar Candra Wicaksono, Muhammad Amiruddin, Atip Nurwahyunani",Pelita: Jurnal Pengabdian kepada Masyarakat,30 Juli 2025,TS-1,Jurnal nasional terakreditasi / majalah profesi nasional*,Penelitian,,Pelita: Jurnal Pengabdian kepada Masyarakat,,Tidak,SINTA 5,,,,Unique,,,,,,,,,,,KnE Social Sciences
Penerapan Teknik Diagnostik Kerusakan Pada Mesin Las dan Pemotong Plasma Di PT Laksana Bus Manufaktu,"Muhammad Caesar Abhista Raya Bima Saputra, Adhi Kusmantoro",Proceeding Science and Engineering National Seminar,24 Desember 2024,TS-1,Prosiding di seminar nasional/wilayah,Penelitian,V,Science and Engineering National Seminar (SENS),,Tidak,Prosiding Nasional,,,,Unique,,,,,,,,,,,KnE Social Sciences
Penerapan Teknik Diagnostik Kerusakan Pada Mesin Las dan Pemotong Plasma Di PT Laksana Bus Manufaktur,"MCARB Saputra, A Kusmantoro","Proceeding Science and Engineering National Seminar 9 (1), 78-86",24/12/2024,TS-1,Prosiding di seminar nasional/wilayah,Penelitian,V,Science and Engineering National Seminar (SENS),,Tidak,Prosiding Nasional,,,Ya,Unique,https://conference.upgris.ac.id/index.php/sens/article/view/6678/4596,,,,,Jurnal nasional terakreditasi / majalah profesi nasional*,,,,,"Proceeding Science and Engineering National Seminar 9 (1), 78-86"
Pengaruh Penggunaan Cat Reflektif Terhadap Resistensi Panas Pada Atap Genteng sebagai Upaya Mendukung Green Building,"PA Damayanti, E Saptaningrum, S Supriyadi, BA Wibawa, S Ristanto",MEDIA KONSTRUKSI,16-Apr-25,TS-1,Jurnal nasional terakreditasi / majalah profesi nasional*,Penelitian,,MEDIA KONSTRUKSI,,Tidak,SINTA 4 / 5,,,,Unique,,,,,,,,,,,Jurnal Ilmiah Wahana Pendidikan
Penggunaan APD terhadap Kecelakaan Kerja pada Pekerjaan Bertegangan Listrik di PT PLN Persero Pemalang,Lemi Josie Zanuba Adhi Kusmantoro,Elektriese: Jurnal Sains dan Teknologi Elektro,1/10/2024,TS-1,Jurnal nasional terakreditasi,,,,,,,,,Ya,Unique,https://jurnal.itscience.org/index.php/elektriese/article/view/4819,,,,,,,,,,
Peran dan Manfaat Capacitor Bank dalam Meningkatkan Efisiensi Sistem Kelistrikan,"BR Nugroho, A Kusmantoro","Proceeding Science and Engineering National Seminar 9 (1), 130-135",18/2/2025,TS-1,Prosiding di seminar nasional/wilayah,Penelitian,V,Science and Engineering National Seminar (SENS),,Tidak,Prosiding Nasional,,,Ya,Unique,https://conference.upgris.ac.id/index.php/sens/article/view/6903/4871,,,,,,,,,,"Proceeding Science and Engineering National Seminar 9 (1), 130-135"
PERANCANGAN SISTEM INSTALASI LISTRIK PRESIDENT ROOM RUMAH SAKIT MITRA BANGSA PATI,"Febrinawan Adhi Kusmantoro, Muhammad Amirudin",JETI,1/10/2024,TS-1,Jurnal nasional tidak terakreditasi,,,,,,,,,Ya,Unique,https://journal2.upgris.ac.id/index.php/jeti/article/view/1470/717,,,,,,,,,,Journal of Physics: Conference Series
PERBANDINGAN KARAKTERISTIK LINEARITAS ANTARA SENSOR ULTRASONIK HC-SR04 DAN SRF05,"RMN Muslikhan, H Widiyanto, I Harjanto","Proceeding Science and Engineering National Seminar 9 (1), 407-413",7/2/2025,TS-1,Prosiding di seminar nasional/wilayah,Penelitian,V,Science and Engineering National Seminar (SENS),,Tidak,Prosiding Nasional,,,Ya,Unique,https://conference.upgris.ac.id/index.php/sens/article/view/6865/4833,,,,,,,,,,"Proceeding Science and Engineering National Seminar 9 (1), 407-413"
PERENCANAAN SISTEM FIRE ALARM DAN HYDRAN PEMADAMAN KEBAKARAN PADA TOSERBA YOGYA PEKALONGAN,"M. Tova Maulana Irvan Adhi Kusmantoro, Margono",JETI,1/10/2024,TS-1,Jurnal nasional tidak terakreditasi,,,,,,,,,Ya,Unique,https://journal2.upgris.ac.id/index.php/jeti/article/view/931/720,,,,,,,,,,IRA Jurnal Teknik Mesin dan Aplikasinya (IRAJTMA)
Performance Evaluation of Helium-Based Binary Gas Mixtures in Standing-Wave Thermoacoustic Electricity Generator,"I Setiawan, P Murti, I Farikhah, ABS Utomo",Results in Engineering,17 Juli 2025,TS-1,Jurnal internasional bereputasi / majalah profesi internasional*,Penelitian,V,Results in Engineering,,Ya,Prosiding Internasional terindeks Scopus / IEEE Xplore / Scopus,Ya,,,Unique,,,,,,,,,,,Proceeding Science and Engineering National Seminar
PID Controller-Based Simulations for Controlling Inverter Voltage to Enhance Power in a Microgrid,"Reza Maulidin, Bayu Rahmad Nugroho, Adhi Kusmantoro","Kinetik: Game Technology, Information System, Computer Network, Computing, Electronics, and Control",31/5/2025,TS-1,Jurnal nasional terakreditasi,Penelitian,V,"Kinetik: Game Technology, Information System, etc.",,Tidak,SINTA 2,,,Ya,Unique,https://kinetik.umm.ac.id/index.php/kinetik/article/view/2106,,,,,,,,,,"Jurnal Pengabdian Dan Peningkatan Mutu Masyarakat (Janayu) 4 (1), 36-43"
Power Flow Regulation of PLTS and Genset in Residential Using PLC Zelio,"A Kusmantoro, I Farikhah","Jambura Journal of Electrical and Electronics Engineering 7 (1), 82-88",9 Januari 2025,TS-1,Jurnal nasional terakreditasi / majalah profesi nasional*,Penelitian,V,Jambura Journal of Electrical and Electronics Engineering,,Tidak,SINTA 3,,,,Unique,,,,,,Jenis Publikasi,,,,,"Jambura Journal of Electrical and Electronics Engineering 7 (1), 82-88"
Power Regulation on PV and Grid With Monitoring Load Power in Residential,A Kusmantoro,"2024 11th International Conference on Electrical Engineering, Computer Science, and Informatics",26-Sep-24,TS-1,Prosiding terindeks Scopus / WoS di seminar internasional / pertemuan himpunan profesi internasional*,Penelitian,V,International Conference on Electrical and Info. Tech (IEIT),,Ya,Prosiding Internasional terindeks Scopus / IEEE Xplore / Scopus,Ya,,,Unique,,,,,,Jurnal internasional,,,,,"2024 11th International Conference on Electrical Engineering, Computer Science, and Informatics"
RANCANG BANGUN PANEL MDP GEDUNG PUNAI,"L Indriyani, A Kusmantoro","Proceeding Science and Engineering National Seminar 9 (1), 211-219",23/2/2025,TS-1,Prosiding di seminar nasional/wilayah,Penelitian,V,Science and Engineering National Seminar (SENS),,Tidak,Prosiding Nasional,,,Ya,Unique,https://conference.upgris.ac.id/index.php/sens/article/view/6917/4884,,,,,,,,,,"Proceeding Science and Engineering National Seminar 9 (1), 211-219"
Rancangan Sistem PLTS Unuk Penerangan Rumah Tinggal Di Desa Sugihmanik,Nariswara Danang Prasetya Aji Nariiswara -,JETI,1/10/2024,TS-1,Jurnal nasional tidak terakreditasi,,,,,,,,,Ya,Unique,https://journal2.upgris.ac.id/index.php/jeti/article/view/205/714,,,,,,,,,,IRA Jurnal Pengabdian Kepada Masyarakat (IRAJPKM)
SERTIFIKAT LAIK OPERASI PEMBANGKIT LISTRIK TENAGA DIESEL,"AN Romadhoni, BH Kunaryo, AK Rahmawan","Proceeding Science and Engineering National Seminar 9 (1), 333-337",6/2/2025,TS-1,Prosiding di seminar nasional/wilayah,Penelitian,V,Science and Engineering National Seminar (SENS),,Tidak,Prosiding Nasional,,,Ya,Unique,https://conference.upgris.ac.id/index.php/sens/article/view/6828/4823,,,,,,,,,,"Proceeding Science and Engineering National Seminar 9 (1), 333-337"
Simulation of the effect of regenerator porosity on the performance of zero centrigade thermoacoustic cooler generated by the single-stage thermoacoustic machine for …,"I Farikhah, EP Aldiansyah, N Khoiri, S Ristanto, S Wibowo","Widya Teknik 23 (3), 114-118",Desember 2024,TS-1,Jurnal nasional terakreditasi / majalah profesi nasional*,Penelitian,V,Widya Teknik,,Tidak,SINTA 4,,,,Unique,,,,,,,,,,,"Sādhanā 50 (2), 1-15"
Simulation of the effect of regenerator porosity on the performance of zero centrigade thermoacoustic cooler generated by the single-stage thermoacoustic machine for sustainable refrigeration,"Irna Farikhah, Edo Putra Aldiansyah, Nur Khoiri, Sigit Ristanto, Setyoningsih Wibowo",Widya Teknik,5 Des 2024,TS-1,Jurnal nasional terakreditasi / majalah profesi nasional*,Penelitian,V,Widya Teknik,,Tidak,SINTA 4,,,,Unique,,,,,,,,,,,"Innovative: Journal Of Social Science Research 4 (5), 1730-1741"
SISTEM MONITORING CUACA BERBASIS IOT MENGGUNAKAN ESP32 DAN WHATSAPP UNTUK EFEKTIVITAS PENJEMURAN KERUPUK,"Fahrel May Inzagi Muhammad Amirudin, Ganjar Winasis",JETI,1/4/2025,TS-1,Jurnal nasional tidak terakreditasi,Penelitian,V,JETI (Jurnal Elektro dan Teknologi Informasi) UPGRIS,,,,,,Ya,Unique,https://journal2.upgris.ac.id/index.php/jeti/article/view/2533/888,,,,,,,,,,
Sosialisasi Penerapan Panel Surya Sebagai Sumber Listrik di SD Labschool Unnes Semarang,"A Kusmantoro, N Rustanti",Jurnal Pengabdian kepada Masyarakat Nusantara,31 Mei 2025,TS-1,Jurnal nasional terakreditasi / majalah profesi nasional*,Pengabdian,V,Jurnal Pengabdian kepada Masyarakat Nusantara,,Tidak,SINTA 5,,,,Unique,,,,,,,,,,,"Kinetik: Game Technology, Information System, Computer Network, Computing, Electronics, and Control"
STUDI ANALISA PENGGUNAAN BATERAI LI-ION DAN LI-PO PADA SISTEM IOT HIDROPONIK,"KZ Rifal, A Kusmantoro","JETI (Jurnal Elektro dan Teknologi Informasi) 1 (1), 1-5",25/5/2025,TS-1,Jurnal nasional tidak terakreditasi,Penelitian,V,JETI (Jurnal Elektro dan Teknologi Informasi) UPGRIS,,Tidak,Belum Terakreditasi,,,Ya,Unique,https://journal2.upgris.ac.id/index.php/jeti/article/view/578/230,,,,,Prosiding di seminar nasional/wilayah,,,,,"JETI (Jurnal Elektro dan Teknologi Informasi) 1 (1), 1-5"
STUDI PERBANDINGAN SENSOR SHT40 DAN CHT8305 DALAM PENGUKURAN SUHU DAN KELEMBAPAN BERBASIS ESP8266,"KRN Putri, A Kusmantoro, DD Septina","Proceeding Science and Engineering National Seminar 9 (1), 72-77",24 Desember 2024,TS-1,Prosiding di seminar nasional/wilayah,Penelitian,V,Science and Engineering National Seminar (SENS),,Tidak,Prosiding Nasional,,,,Unique,,,,,,Jurnal nasional tidak terakreditasi,,,,,"Proceeding Science and Engineering National Seminar 9 (1), 72-77"
The Effectiveness of the Dilemma-STEAM Learning Model Based on Motion Graphic Videos in the Subject of Parabolic Motion,"H Nasbey, NP Apriliani, AF Kurniawan, A Samsudin, A Fadlan",Journal of Physics: Conference Series,1 Oktober 2024,TS-1,Jurnal nasional terakreditasi / majalah profesi nasional*,Penelitian,,Lontar Physics Today,,Tidak,SINTA 4,,,,Unique,,,,,,,,,,,"PaKMas: Jurnal Pengabdian Kepada Masyarakat 4 (1), 109-115"
Thickness optimization of a triple-layered microwave absorber combining magnetic and dielectric particles,"Affandi Faisal Kurniawan, Mohammad Syaiful Anwar, Khoirotun Nadiyyah, I Gusti Ngurah Nitya",Asia-Pacific Journal of Science and Technology,1 Maret 2025,TS-1,Prosiding terindeks Scopus / WoS di seminar internasional / pertemuan himpunan profesi internasional*,Penelitian,V,Asia-Pacific Journal of Science and Technology,,Ya,Prosiding Internasional terindeks Scopus / IEEE Xplore / Scopus,Ya,,,Unique,,,,,,,,,,,JURNAL TEKNOLOGI INFORMASI DAN KOMUNIKASI
Implementation of Video Tracker Application for Measurement of Elastic Pendulum Oscillatory Motion,"S Ristanto, HA Prakosa, N Khoiri, AF Kurniawan, J Saefan",JPF (Jurnal Pendidikan Fisika) Universitas Islam Negeri Alauddin Makassar Vol 12,Sep-24,TS--1,Jurnal nasional terakreditasi / majalah profesi nasional*,Penelitian,V,JPF (Jurnal Pendidikan Fisika) UIN Alauddin Makassar,,Tidak,SINTA 4,,,,Unique,,,,,,,,,,,"Thermal Science, 50-50"
Analisa Peralatan Lightning Arrester Pada Gardu Induk 150 Kv PLTU Rembang,SANDY RYAN HANDOKO,JETI,23/4/2026,TS,Jurnal nasional tidak terakreditasi,,,,,,,,,Ya,Unique,https://journal2.upgris.ac.id/index.php/jeti/article/view/107,,,,,,,,,,
ANALISIS AKURASI PENGUKURAN JARAK GEOGRAFIS MENGGUNAKAN MODUL GPS GY-NEO6MV2 BERBASIS ESP32,M.A.Musthofa Ganjar Winasis,SENS,1/12/2025,TS,Prosiding di seminar nasional/wilayah,,,,,,,,,Ya,Unique,https://conference.upgris.ac.id/index.php/sens/article/view/7905/5725,,,,,,,,,,
ANALISIS ENERGI LISTRIK GEDUNG BOTTOM 1 PT. PARKLAND WORLD INDONESIA JEPARA,"Anita Kurnia Zulyani  Bambang Hadi Kunaryo, Margono",SENS,1/12/2025,TS,Prosiding di seminar nasional/wilayah,,,,,,,,,Ya,Unique,https://conference.upgris.ac.id/index.php/sens/article/view/7928/5762,,,,,,,,,,
Analisis Pengujian dan Pengukuran Tahanan Isolasi Transformator dan Kabel Outgoing IPTL-TM 690kVA di Semarang Sport Center,"Muhammad Cahya Rofiq  Afeef Kurnia Rahmawan, Margono",SENS,1/12/2025,TS,Prosiding di seminar nasional/wilayah,,,,,,,,,Ya,Unique,https://conference.upgris.ac.id/index.php/sens/article/view/7915/5734,,,,,,,,,,
ANALISIS PERAN SISTEM PEMBUMIAN TERHADAP KESELAMATAN DAN KEANDALAN OPERASI PEMBANGKIT LISTRIK TENAGA DIESEL (PLTD),"Sofiyullah Bagus Satrio Afeef Kurnia Rahmawan, Affandi Faisal Kurniawan",SENS,1/12/2025,TS,Prosiding di seminar nasional/wilayah,,,,,,,,,Ya,Unique,https://conference.upgris.ac.id/index.php/sens/article/view/7914/5733,,,,,,,,,,
ANALISIS SISTEM PEMBUMIAN INSTALASI PEMANFAATAN TENAGA LISTRIK TEGANGAN MENENGAH (IPTL-TM) PT. TOP AND TOP APPAREL BERDASARKAN PENGUJIAN TAHANAN PEMBUMIAN,"Rizqi Mukhammad Nur Muslikhan Afeef Kurnia Rahmawan, Muhammad Amirrudin",SENS,1/12/2025,TS,Prosiding di seminar nasional/wilayah,,,,,,,,,Ya,Unique,https://conference.upgris.ac.id/index.php/sens/article/view/7939/5761,,,,,,,,,,
"DESAIN MODEL FUZZY LOGIC UNTUK PENILAIAN KUALITAS AIR SUMUR BERDASARKAN PARAMETER SALINITAS, PH, DAN KEKERUHAN DI SEMARANG","Aan Burhanuddin1
 , Agus Mukhtar1
 , Rifki Hermana1
 , Muhammad Amirudin2
 , Muchamad Malik1*, Althesa",IRA Jurnal Teknik Mesin dan Aplikasinya (IRAJTMA),28 Desember 2025,TS,Jurnal nasional tidak terakreditasi,Penelitian,,IRA Jurnal Teknik Mesin dan Aplikasinya (IRAJTMA),,Tidak,Belum Terakreditasi,,,,Unique,,,,,,,,,,,Thermal Science
Implementasi dan Analisis Pemasangan PLTS ON-GRID 50 Kw di Mavica Maju Bersama,"Eka Bima Satria Muhammad Amirudin, Imadudin Harjanto",SENS,1/12/2025,TS,Prosiding di seminar nasional/wilayah,,,,,,,,,Ya,Unique,https://conference.upgris.ac.id/index.php/sens/article/view/7933/5753,,,,,,,,,,
IMPLEMENTASI LOGIKA FUZZY PADA SISTEM PENGEREMAN OTOMATIS (AUTOMATIC BRAKING SYSTEM) ROBOT MOBIL BERDASARKAN JARAK OBJEK,"Tazkiya Nafsil Muna, Adit Lusandi Imadudin Harjanto",SENS,1/12/2025,TS,Prosiding di seminar nasional/wilayah,,,,,,,,,Ya,Unique,https://conference.upgris.ac.id/index.php/sens/article/view/7912/5763,,,,,,,,,,
Internet of Things design to monitor street lights equipped with passive infrared motion sensors,"Ahmad Habib Maulana Adhi Kusmatoro, Bambang Hadi Kunaryo",JETI,24/4/2026,TS,Jurnal nasional tidak terakreditasi,,,,,,,,,Ya,Unique,https://journal2.upgris.ac.id/index.php/jeti/article/view/525/232,,,,,,,,,,Jurnal Elektronika dan Telekomunikasi
KOMPARASI NILAI IMPEDANSI TERHADAP PENGARUH FUNGSI PADA PRODUK ANTENNA KEYLESS 4L45W,"Muhammad Ghifari Adhi Kusmantoro, Bambang Hadi Kunaryo",JETI,25/4/2026,TS,Jurnal nasional tidak terakreditasi,,,,,,,,,Ya,Unique,https://journal2.upgris.ac.id/index.php/jeti/article/view/1571/878,,,,,,,,,,COMMUNITY EMPOWERMENT
PERANCANGAN DAN IMPLEMENTASI SISTEM KONTROL POMPA AIR DC 12V OTOMATIS DENGAN LOGIKA FUZZY BERBASIS ESP32,"Anggit Yuga Kusuma Imadudin Harjanto, Sigit Ristanto",SENS,1/12/2025,TS,Prosiding di seminar nasional/wilayah,,,,,,,,,Ya,Unique,https://conference.upgris.ac.id/index.php/sens/article/view/7913/5732,,,,,,,,,,
Perancangan Pembangkit Listrik Tenaga Surya Untuk Penerangan di Mushola RT01/RW01 Kelurahan Bandung Kecamatan Tegal Selatan Kota Tegal,"fandi safarian Adhi Kusmantoro, Muhammad Amiruddin",JETI,25/4/2026,TS,Jurnal nasional tidak terakreditasi,,,,,,,,,Ya,Unique,https://journal2.upgris.ac.id/index.php/jeti/article/view/2089/876,,,,,,,,,,COMMUNITY EMPOWERMENT
Perencanaan Dan Penerapan Maintenance Pada Mesin Las Mig (Metal Inert Gas) Dan Tig (Tungsten Inert Gas) Di Laksana Karoseri,Zydan Irgi Fahrezy,SENS,24/1/2026,TS,Prosiding di seminar nasional/wilayah,,,,,,,,,Ya,Unique,https://conference.upgris.ac.id/index.php/sens/article/view/4993/3792,,,,,,,,,,
PERENCANAAN INSTALASI PEMASANGAN CCTV GEDUNG MESS GETS HOTEL DENGAN MANAJEMEN IP ADDRESS BERBASIS ZONASI LANTAI,"Hidayat Widiyanto Ganjar Winasis, Irna Farikhah",SENS,1/12/2025,TS,Prosiding di seminar nasional/wilayah,,,,,,,,,Ya,Unique,https://conference.upgris.ac.id/index.php/sens/article/view/7919/5738,,,,,,,,,,
RANCANG BANGUN MESIN PEMBUAT MINUMAN PROBIOTIK DARI LIMBAH SUSU,Wahyu Teguh Laksono Bambang Hadi Kunaryo,SENS,1/12/2025,TS,Prosiding di seminar nasional/wilayah,,,,,,,,,Ya,Unique,https://conference.upgris.ac.id/index.php/sens/article/view/7943,,,,,,,,,,
RANCANG BANGUN PANEL SUB DISTRIBUTION PANEL (SDP) TIPE FREESTANDING DENGAN SISTEM BUSBAR TERINTEGRASI PADA PROYEK RS SANTA MARIA PEMALANG,Habib Purnama Putra Bambang Hadi Kunaryo,SENS,1/12/2025,TS,Prosiding di seminar nasional/wilayah,,,,,,,,,Ya,Unique,https://conference.upgris.ac.id/index.php/sens/article/view/7950/5775,,,,,,,,,,
Rancang Bangun Sistem Keanggotaan Berbasis ESP32 dan RFID Terintegrasi Firebase pada Kedai Unalome Coffee,"Min Ibni Jahri Bambang Hadi Kunaryo, Ganjar Winasis",JETI,25/4/2026,TS,Jurnal nasional tidak terakreditasi,,,,,,,,,Ya,Unique,https://journal2.upgris.ac.id/index.php/jeti/article/view/2540/889,,,,,,,,,,
STUDI IMPLEMENTASI STANDAR KESELAMATAN DAN KUALITAS VISUAL PADA PERAKITAN PANEL LISTRIK INDUSTRI TIPE WALL MOUNTING,"Gusti Ananda Armyawan Rama Putra Bambang Hadi Kunaryo, Afeef Kurnia Rahmawan",SENS,18/12/2025,TS,Prosiding di seminar nasional/wilayah,,,,,,,,,Ya,Unique,https://conference.upgris.ac.id/index.php/sens/article/view/7901/5721,,,,,,,,,,
,,,,,,,,,,,,,,,,,,,,,,,,,,Lontar Physics Today
,,,,,,,,,,,,,,,,,,,,,,,,,,
,,,,,,,,,,,,,,,,,,,,,,,,,,
,,,,,,,,,,,,,,,,,,,,,,,,,,
,,,,,,,,,,,,,,,,,,,,,,,,,,
,,,,,,,,,,,,,,,,,,,,,,,,,,
,,,,,,,,,,,,,,,,,,,,,,,,,,
,,,,,,,,,,,,,,,,,,,,,,,,,,
,,,,,,,,,,,,,,,,,,,,,,,,,,
,,,,,,,,,,,,,,,,,,,,,,,,,,IOP Conference Series: Earth and Environmental Science
,,,,,,,,,,,,,,,,,,,,,,,,,,Lontar Physics Today
,,,,,,,,,,,,,,,,,,,,,,,,,,
,,,,,,,,,,,,,,,,,,,,,,,,,,
,,,,,,,,,,,,,,,,,,,,,,,,,,JPF (Jurnal Pendidikan Fisika) Universitas Islam Negeri Alauddin Makassar
,,,,,,,,,,,,,,,,,,,,,,,,,,
,,,,,,,,,,,,,,,,,,,,,,,,,,
,,,,,,,,,,,,,,,,,,,,,,,,,,
,,,,,,,,,,,,,,,,,,,,,,,,,,JURNAL ILMIAH TEKNOLOGI INFORMASI DAN KOMUNIKASI (JTIK)
,,,,,,,,,,,,,,,,,,,,,,,,,,
,,,,,,,,,,,,,,,,,,,,,,,,,,Jurnal Penelitian Pembelajaran Fisika